{
 "AP_Anantapur": ["AP_Chittoor", "AP_Kurnool", "AP_Y.S.R. Kadapa", "KA_Ballari", "KA_Chikkaballapura", "KA_Chitradurga", "KA_Tumakuru"],
 "AP_Chittoor": ["AP_Anantapur", "AP_S.P.S. Nellore", "AP_Y.S.R. Kadapa", "KA_Chikkaballapura", "KA_Kolar", "TN_Krishnagiri", "TN_Thiruvallur", "TN_Vellore"],
 "AP_East Godavari": ["AP_Visakhapatnam", "AP_West Godavari", "CT_Sukma", "OR_Malkangiri", "TL_Telangana"],
 "AP_Guntur": ["AP_Krishna", "AP_Prakasam", "TL_Telangana"],
 "AP_Krishna": ["AP_Guntur", "AP_West Godavari", "TL_Telangana"],
 "AP_Kurnool": ["AP_Anantapur", "AP_Prakasam", "AP_Y.S.R. Kadapa", "KA_Ballari", "KA_Raichur", "TL_Telangana"],
 "AP_Prakasam": ["AP_Guntur", "AP_Kurnool", "AP_S.P.S. Nellore", "AP_Y.S.R. Kadapa", "TL_Telangana"],
 "AP_S.P.S. Nellore": ["AP_Chittoor", "AP_Prakasam", "AP_Y.S.R. Kadapa", "TN_Thiruvallur"],
 "AP_Srikakulam": ["AP_Vizianagaram", "OR_Gajapati", "OR_Ganjam", "OR_Rayagada"],
 "AP_Visakhapatnam": ["AP_East Godavari", "AP_Vizianagaram", "OR_Koraput", "OR_Malkangiri"],
 "AP_Vizianagaram": ["AP_Srikakulam", "AP_Visakhapatnam", "OR_Koraput", "OR_Rayagada"],
 "AP_West Godavari": ["AP_East Godavari", "AP_Krishna", "TL_Telangana"],
 "AP_Y.S.R. Kadapa": ["AP_Anantapur", "AP_Chittoor", "AP_Kurnool", "AP_Prakasam", "AP_S.P.S. Nellore"],
 "AR_Anjaw": ["AR_Changlang", "AR_Lohit"],
 "AR_Changlang": ["AR_Anjaw", "AR_Lohit", "AR_Namsai", "AR_Tirap", "AS_Assam"],
 "AR_East Kameng": ["AR_Kurung Kumey", "AR_Pakke Kessang", "AR_Papum Pare", "AR_Tawang", "AR_West Kameng"],
 "AR_East Siang": ["AR_Lower Dibang Valley", "AR_Lower Siang", "AR_Siang", "AR_Upper Siang", "AS_Assam"],
 "AR_Kamle": ["AR_Kra Daadi", "AR_Lower Siang", "AR_Lower Subansiri", "AR_Papum Pare", "AR_Upper Subansiri", "AS_Assam"],
 "AR_Kra Daadi": ["AR_Kamle", "AR_Kurung Kumey", "AR_Lower Subansiri", "AR_Papum Pare", "AR_Upper Subansiri"],
 "AR_Kurung Kumey": ["AR_East Kameng", "AR_Kra Daadi", "AR_Papum Pare", "AR_Upper Subansiri"],
 "AR_Lepa Rada": ["AR_Lower Siang", "AR_Upper Subansiri", "AR_West Siang"],
 "AR_Lohit": ["AR_Anjaw", "AR_Changlang", "AR_Lower Dibang Valley", "AR_Namsai", "AS_Assam"],
 "AR_Longding": ["AR_Tirap", "AS_Assam", "NL_Mon"],
 "AR_Lower Dibang Valley": ["AR_East Siang", "AR_Lohit", "AR_Upper Dibang Valley", "AR_Upper Siang", "AS_Assam"],
 "AR_Lower Siang": ["AR_East Siang", "AR_Kamle", "AR_Lepa Rada", "AR_Siang", "AR_Upper Subansiri", "AR_West Siang", "AS_Assam"],
 "AR_Lower Subansiri": ["AR_Kamle", "AR_Kra Daadi", "AR_Papum Pare"],
 "AR_Namsai": ["AR_Changlang", "AR_Lohit", "AS_Assam"],
 "AR_Pakke Kessang": ["AR_East Kameng", "AR_Papum Pare", "AR_West Kameng", "AS_Assam"],
 "AR_Papum Pare": ["AR_East Kameng", "AR_Kamle", "AR_Kra Daadi", "AR_Kurung Kumey", "AR_Lower Subansiri", "AR_Pakke Kessang", "AS_Assam"],
 "AR_Shi Yomi": ["AR_Siang", "AR_Upper Siang", "AR_Upper Subansiri", "AR_West Siang"],
 "AR_Siang": ["AR_East Siang", "AR_Lower Siang", "AR_Shi Yomi", "AR_Upper Siang", "AR_West Siang"],
 "AR_Tawang": ["AR_East Kameng", "AR_West Kameng"],
 "AR_Tirap": ["AR_Changlang", "AR_Longding", "AS_Assam"],
 "AR_Upper Dibang Valley": ["AR_Lower Dibang Valley", "AR_Upper Siang"],
 "AR_Upper Siang": ["AR_East Siang", "AR_Lower Dibang Valley", "AR_Shi Yomi", "AR_Siang", "AR_Upper Dibang Valley"],
 "AR_Upper Subansiri": ["AR_Kamle", "AR_Kra Daadi", "AR_Kurung Kumey", "AR_Lepa Rada", "AR_Lower Siang", "AR_Shi Yomi", "AR_West Siang"],
 "AR_West Kameng": ["AR_East Kameng", "AR_Pakke Kessang", "AR_Tawang", "AS_Assam"],
 "AR_West Siang": ["AR_Lepa Rada", "AR_Lower Siang", "AR_Shi Yomi", "AR_Siang", "AR_Upper Subansiri"],
 "AS_Assam": ["AR_Changlang", "AR_East Siang", "AR_Kamle", "AR_Lohit", "AR_Longding", "AR_Lower Dibang Valley", "AR_Lower Siang", "AR_Namsai", "AR_Pakke Kessang", "AR_Papum Pare", "AR_Tirap", "AR_West Kameng", "ML_East Jaintia Hills", "ML_North Garo Hills", "ML_Ribhoi", "ML_South West Garo Hills", "ML_West Garo Hills", "ML_West Jaintia Hills", "ML_West Khasi Hills", "MZ_Aizawl", "MZ_Kolasib", "MZ_Mamit", "NL_Dimapur", "NL_Kohima", "NL_Longleng", "NL_Mokokchung", "NL_Mon", "NL_Peren", "NL_Wokha", "TR_North Tripura", "WB_Alipurduar", "WB_Cooch Behar"],
 "BR_Araria": ["BR_Kishanganj", "BR_Madhepura", "BR_Purnia", "BR_Supaul"],
 "BR_Arwal": ["BR_Aurangabad", "BR_Bhojpur", "BR_Gaya", "BR_Jehanabad", "BR_Patna", "BR_Rohtas"],
 "BR_Aurangabad": ["BR_Arwal", "BR_Gaya", "BR_Rohtas", "JH_Palamu"],
 "BR_Banka": ["BR_Bhagalpur", "BR_Jamui", "BR_Munger", "JH_Deoghar", "JH_Dumka", "JH_Godda"],
 "BR_Begusarai": ["BR_Khagaria", "BR_Lakhisarai", "BR_Munger", "BR_Patna", "BR_Samastipur"],
 "BR_Bhagalpur": ["BR_Banka", "BR_Katihar", "BR_Khagaria", "BR_Madhepura", "BR_Munger", "BR_Purnia", "JH_Godda", "JH_Sahibganj"],
 "BR_Bhojpur": ["BR_Arwal", "BR_Buxar", "BR_Patna", "BR_Rohtas", "BR_Saran", "UP_Ballia"],
 "BR_Buxar": ["BR_Bhojpur", "BR_Kaimur", "BR_Rohtas", "UP_Ballia", "UP_Ghazipur"],
 "BR_Darbhanga": ["BR_Madhubani", "BR_Muzaffarpur", "BR_Saharsa", "BR_Samastipur", "BR_Sitamarhi"],
 "BR_East Champaran": ["BR_Gopalganj", "BR_Muzaffarpur", "BR_Sheohar", "BR_Sitamarhi", "BR_West Champaran"],
 "BR_Gaya": ["BR_Arwal", "BR_Aurangabad", "BR_Jehanabad", "BR_Nalanda", "BR_Nawada", "JH_Chatra", "JH_Hazaribagh", "JH_Koderma", "JH_Palamu"],
 "BR_Gopalganj": ["BR_East Champaran", "BR_Muzaffarpur", "BR_Saran", "BR_Siwan", "BR_West Champaran", "UP_Deoria", "UP_Kushinagar"],
 "BR_Jamui": ["BR_Banka", "BR_Lakhisarai", "BR_Munger", "BR_Nawada", "BR_Sheikhpura", "JH_Deoghar", "JH_Giridih"],
 "BR_Jehanabad": ["BR_Arwal", "BR_Gaya", "BR_Nalanda", "BR_Patna"],
 "BR_Kaimur": ["BR_Buxar", "BR_Rohtas", "UP_Chandauli", "UP_Ghazipur", "UP_Sonbhadra"],
 "BR_Katihar": ["BR_Bhagalpur", "BR_Purnia", "JH_Sahibganj", "WB_Malda", "WB_Uttar Dinajpur"],
 "BR_Khagaria": ["BR_Begusarai", "BR_Bhagalpur", "BR_Madhepura", "BR_Munger", "BR_Saharsa", "BR_Samastipur"],
 "BR_Kishanganj": ["BR_Araria", "BR_Purnia", "WB_Darjeeling", "WB_Uttar Dinajpur"],
 "BR_Lakhisarai": ["BR_Begusarai", "BR_Jamui", "BR_Munger", "BR_Nalanda", "BR_Patna", "BR_Sheikhpura"],
 "BR_Madhepura": ["BR_Araria", "BR_Bhagalpur", "BR_Khagaria", "BR_Purnia", "BR_Saharsa", "BR_Supaul"],
 "BR_Madhubani": ["BR_Darbhanga", "BR_Saharsa", "BR_Sitamarhi", "BR_Supaul"],
 "BR_Munger": ["BR_Banka", "BR_Begusarai", "BR_Bhagalpur", "BR_Jamui", "BR_Khagaria", "BR_Lakhisarai"],
 "BR_Muzaffarpur": ["BR_Darbhanga", "BR_East Champaran", "BR_Gopalganj", "BR_Samastipur", "BR_Saran", "BR_Sheohar", "BR_Sitamarhi", "BR_Vaishali"],
 "BR_Nalanda": ["BR_Gaya", "BR_Jehanabad", "BR_Lakhisarai", "BR_Nawada", "BR_Patna", "BR_Sheikhpura"],
 "BR_Nawada": ["BR_Gaya", "BR_Jamui", "BR_Nalanda", "BR_Sheikhpura", "JH_Giridih", "JH_Koderma"],
 "BR_Patna": ["BR_Arwal", "BR_Begusarai", "BR_Bhojpur", "BR_Jehanabad", "BR_Lakhisarai", "BR_Nalanda", "BR_Samastipur", "BR_Saran", "BR_Vaishali"],
 "BR_Purnia": ["BR_Araria", "BR_Bhagalpur", "BR_Katihar", "BR_Kishanganj", "BR_Madhepura", "WB_Uttar Dinajpur"],
 "BR_Rohtas": ["BR_Arwal", "BR_Aurangabad", "BR_Bhojpur", "BR_Buxar", "BR_Kaimur", "JH_Garhwa", "JH_Palamu", "UP_Sonbhadra"],
 "BR_Saharsa": ["BR_Darbhanga", "BR_Khagaria", "BR_Madhepura", "BR_Madhubani", "BR_Samastipur", "BR_Supaul"],
 "BR_Samastipur": ["BR_Begusarai", "BR_Darbhanga", "BR_Khagaria", "BR_Muzaffarpur", "BR_Patna", "BR_Saharsa", "BR_Vaishali"],
 "BR_Saran": ["BR_Bhojpur", "BR_Gopalganj", "BR_Muzaffarpur", "BR_Patna", "BR_Siwan", "BR_Vaishali", "UP_Ballia"],
 "BR_Sheikhpura": ["BR_Jamui", "BR_Lakhisarai", "BR_Nalanda", "BR_Nawada"],
 "BR_Sheohar": ["BR_East Champaran", "BR_Muzaffarpur", "BR_Sitamarhi"],
 "BR_Sitamarhi": ["BR_Darbhanga", "BR_East Champaran", "BR_Madhubani", "BR_Muzaffarpur", "BR_Sheohar"],
 "BR_Siwan": ["BR_Gopalganj", "BR_Saran", "UP_Ballia", "UP_Deoria"],
 "BR_Supaul": ["BR_Araria", "BR_Madhepura", "BR_Madhubani", "BR_Saharsa"],
 "BR_Vaishali": ["BR_Muzaffarpur", "BR_Patna", "BR_Samastipur", "BR_Saran"],
 "BR_West Champaran": ["BR_East Champaran", "BR_Gopalganj", "UP_Kushinagar", "UP_Maharajganj"],
 "CH_Chandigarh": ["HR_Panchkula", "PB_S.A.S. Nagar"],
 "CT_Balod": ["CT_Dhamtari", "CT_Durg", "CT_Rajnandgaon", "CT_Uttar Bastar Kanker"],
 "CT_Baloda Bazar": ["CT_Bametara", "CT_Bilaspur", "CT_Janjgir Champa", "CT_Mahasamund", "CT_Mungeli", "CT_Raigarh", "CT_Raipur"],
 "CT_Balrampur": ["CT_Jashpur", "CT_Surajpur", "CT_Surguja", "JH_Garhwa", "JH_Gumla", "JH_Latehar", "MP_Singrauli", "UP_Sonbhadra"],
 "CT_Bametara": ["CT_Baloda Bazar", "CT_Durg", "CT_Kabeerdham", "CT_Mungeli", "CT_Raipur", "CT_Rajnandgaon"],
 "CT_Bastar": ["CT_Dakshin Bastar Dantewada", "CT_Kondagaon", "CT_Sukma", "OR_Koraput", "OR_Malkangiri", "OR_Nabarangapur"],
 "CT_Bijapur": ["CT_Dakshin Bastar Dantewada", "CT_Narayanpur", "CT_Sukma", "MH_Gadchiroli", "TL_Telangana"],
 "CT_Bilaspur": ["CT_Baloda Bazar", "CT_Janjgir Champa", "CT_Korba", "CT_Koriya", "CT_Mungeli", "MP_Anuppur"],
 "CT_Dakshin Bastar Dantewada": ["CT_Bastar", "CT_Bijapur", "CT_Kondagaon", "CT_Narayanpur", "CT_Sukma"],
 "CT_Dhamtari": ["CT_Balod", "CT_Durg", "CT_Gariaband", "CT_Kondagaon", "CT_Raipur", "CT_Uttar Bastar Kanker", "OR_Nabarangapur"],
 "CT_Durg": ["CT_Balod", "CT_Bametara", "CT_Dhamtari", "CT_Raipur", "CT_Rajnandgaon"],
 "CT_Gariaband": ["CT_Dhamtari", "CT_Mahasamund", "CT_Raipur", "OR_Kalahandi", "OR_Nabarangapur", "OR_Nuapada"],
 "CT_Janjgir Champa": ["CT_Baloda Bazar", "CT_Bilaspur", "CT_Korba", "CT_Raigarh"],
 "CT_Jashpur": ["CT_Balrampur", "CT_Raigarh", "CT_Surguja", "JH_Gumla", "JH_Simdega", "OR_Sundargarh"],
 "CT_Kabeerdham": ["CT_Bametara", "CT_Mungeli", "CT_Rajnandgaon", "MP_Balaghat", "MP_Dindori", "MP_Mandla"],
 "CT_Kondagaon": ["CT_Bastar", "CT_Dakshin Bastar Dantewada", "CT_Dhamtari", "CT_Narayanpur", "CT_Uttar Bastar Kanker", "OR_Nabarangapur"],
 "CT_Korba": ["CT_Bilaspur", "CT_Janjgir Champa", "CT_Koriya", "CT_Raigarh", "CT_Surajpur", "CT_Surguja"],
 "CT_Koriya": ["CT_Bilaspur", "CT_Korba", "CT_Surajpur", "MP_Anuppur", "MP_Shahdol", "MP_Sidhi", "MP_Singrauli"],
 "CT_Mahasamund": ["CT_Baloda Bazar", "CT_Gariaband", "CT_Raigarh", "CT_Raipur", "OR_Bargarh", "OR_Nuapada"],
 "CT_Mungeli": ["CT_Baloda Bazar", "CT_Bametara", "CT_Bilaspur", "CT_Kabeerdham", "MP_Anuppur", "MP_Dindori"],
 "CT_Narayanpur": ["CT_Bijapur", "CT_Dakshin Bastar Dantewada", "CT_Kondagaon", "CT_Uttar Bastar Kanker", "MH_Gadchiroli"],
 "CT_Raigarh": ["CT_Baloda Bazar", "CT_Janjgir Champa", "CT_Jashpur", "CT_Korba", "CT_Mahasamund", "CT_Surguja", "OR_Bargarh", "OR_Jharsuguda", "OR_Sundargarh"],
 "CT_Raipur": ["CT_Baloda Bazar", "CT_Bametara", "CT_Dhamtari", "CT_Durg", "CT_Gariaband", "CT_Mahasamund"],
 "CT_Rajnandgaon": ["CT_Balod", "CT_Bametara", "CT_Durg", "CT_Kabeerdham", "CT_Uttar Bastar Kanker", "MH_Gadchiroli", "MH_Gondia", "MP_Balaghat"],
 "CT_Sukma": ["AP_East Godavari", "CT_Bastar", "CT_Bijapur", "CT_Dakshin Bastar Dantewada", "OR_Malkangiri", "TL_Telangana"],
 "CT_Surajpur": ["CT_Balrampur", "CT_Korba", "CT_Koriya", "CT_Surguja", "MP_Singrauli"],
 "CT_Surguja": ["CT_Balrampur", "CT_Jashpur", "CT_Korba", "CT_Raigarh", "CT_Surajpur"],
 "CT_Uttar Bastar Kanker": ["CT_Balod", "CT_Dhamtari", "CT_Kondagaon", "CT_Narayanpur", "CT_Rajnandgaon", "MH_Gadchiroli"],
 "DL_Delhi": ["HR_Faridabad", "HR_Gurugram", "HR_Jhajjar", "HR_Sonipat", "UP_Baghpat", "UP_Gautam Buddha Nagar", "UP_Ghaziabad"],
 "DN_Dadra and Nagar Haveli": ["GJ_Valsad", "MH_Palghar"],
 "DN_Daman": ["GJ_Valsad"],
 "DN_Diu": ["GJ_Gir Somnath"],
 "GA_Goa": ["KA_Belagavi", "KA_Uttara Kannada", "MH_Sindhudurg"],
 "GJ_Ahmedabad": ["GJ_Anand", "GJ_Bhavnagar", "GJ_Botad", "GJ_Gandhinagar", "GJ_Kheda", "GJ_Mehsana", "GJ_Surendranagar"],
 "GJ_Amreli": ["GJ_Bhavnagar", "GJ_Botad", "GJ_Gir Somnath", "GJ_Junagadh", "GJ_Rajkot"],
 "GJ_Anand": ["GJ_Ahmedabad", "GJ_Bharuch", "GJ_Kheda", "GJ_Vadodara"],
 "GJ_Aravalli": ["GJ_Gandhinagar", "GJ_Kheda", "GJ_Mahisagar", "GJ_Sabarkantha", "RJ_Dungarpur", "RJ_Udaipur"],
 "GJ_Banaskantha": ["GJ_Kutch", "GJ_Mehsana", "GJ_Patan", "GJ_Sabarkantha", "RJ_Jalore", "RJ_Sirohi"],
 "GJ_Bharuch": ["GJ_Anand", "GJ_Narmada", "GJ_Surat", "GJ_Vadodara"],
 "GJ_Bhavnagar": ["GJ_Ahmedabad", "GJ_Amreli", "GJ_Botad"],
 "GJ_Botad": ["GJ_Ahmedabad", "GJ_Amreli", "GJ_Bhavnagar", "GJ_Rajkot", "GJ_Surendranagar"],
 "GJ_Chhota Udaipur": ["GJ_Dahod", "GJ_Narmada", "GJ_Panchmahal", "GJ_Vadodara", "MH_Nandurbar", "MP_Alirajpur"],
 "GJ_Dahod": ["GJ_Chhota Udaipur", "GJ_Mahisagar", "GJ_Panchmahal", "MP_Alirajpur", "MP_Jhabua", "RJ_Banswara"],
 "GJ_Dang": ["GJ_Navsari", "GJ_Tapi", "MH_Dhule", "MH_Nashik"],
 "GJ_Devbhumi Dwarka": ["GJ_Jamnagar", "GJ_Porbandar"],
 "GJ_Gandhinagar": ["GJ_Ahmedabad", "GJ_Aravalli", "GJ_Kheda", "GJ_Mehsana", "GJ_Sabarkantha"],
 "GJ_Gir Somnath": ["DN_Diu", "GJ_Amreli", "GJ_Junagadh"],
 "GJ_Jamnagar": ["GJ_Devbhumi Dwarka", "GJ_Morbi", "GJ_Porbandar", "GJ_Rajkot"],
 "GJ_Junagadh": ["GJ_Amreli", "GJ_Gir Somnath", "GJ_Porbandar", "GJ_Rajkot"],
 "GJ_Kheda": ["GJ_Ahmedabad", "GJ_Anand", "GJ_Aravalli", "GJ_Gandhinagar", "GJ_Mahisagar", "GJ_Panchmahal", "GJ_Vadodara"],
 "GJ_Kutch": ["GJ_Banaskantha", "GJ_Morbi", "GJ_Patan", "GJ_Surendranagar", "RJ_Barmer", "RJ_Jalore"],
 "GJ_Mahisagar": ["GJ_Aravalli", "GJ_Dahod", "GJ_Kheda", "GJ_Panchmahal", "RJ_Banswara", "RJ_Dungarpur"],
 "GJ_Mehsana": ["GJ_Ahmedabad", "GJ_Banaskantha", "GJ_Gandhinagar", "GJ_Patan", "GJ_Sabarkantha", "GJ_Surendranagar"],
 "GJ_Morbi": ["GJ_Jamnagar", "GJ_Kutch", "GJ_Rajkot", "GJ_Surendranagar"],
 "GJ_Narmada": ["GJ_Bharuch", "GJ_Chhota Udaipur", "GJ_Surat", "GJ_Tapi", "GJ_Vadodara", "MH_Nandurbar"],
 "GJ_Navsari": ["GJ_Dang", "GJ_Surat", "GJ_Tapi", "GJ_Valsad", "MH_Nashik"],
 "GJ_Panchmahal": ["GJ_Chhota Udaipur", "GJ_Dahod", "GJ_Kheda", "GJ_Mahisagar", "GJ_Vadodara"],
 "GJ_Patan": ["GJ_Banaskantha", "GJ_Kutch", "GJ_Mehsana", "GJ_Surendranagar"],
 "GJ_Porbandar": ["GJ_Devbhumi Dwarka", "GJ_Jamnagar", "GJ_Junagadh", "GJ_Rajkot"],
 "GJ_Rajkot": ["GJ_Amreli", "GJ_Botad", "GJ_Jamnagar", "GJ_Junagadh", "GJ_Morbi", "GJ_Porbandar", "GJ_Surendranagar"],
 "GJ_Sabarkantha": ["GJ_Aravalli", "GJ_Banaskantha", "GJ_Gandhinagar", "GJ_Mehsana", "RJ_Sirohi", "RJ_Udaipur"],
 "GJ_Surat": ["GJ_Bharuch", "GJ_Narmada", "GJ_Navsari", "GJ_Tapi"],
 "GJ_Surendranagar": ["GJ_Ahmedabad", "GJ_Botad", "GJ_Kutch", "GJ_Mehsana", "GJ_Morbi", "GJ_Patan", "GJ_Rajkot"],
 "GJ_Tapi": ["GJ_Dang", "GJ_Narmada", "GJ_Navsari", "GJ_Surat", "MH_Dhule", "MH_Nandurbar"],
 "GJ_Vadodara": ["GJ_Anand", "GJ_Bharuch", "GJ_Chhota Udaipur", "GJ_Kheda", "GJ_Narmada", "GJ_Panchmahal"],
 "GJ_Valsad": ["DN_Dadra and Nagar Haveli", "DN_Daman", "GJ_Navsari", "MH_Nashik", "MH_Palghar"],
 "HP_Bilaspur": ["HP_Hamirpur", "HP_Mandi", "HP_Solan", "HP_Una", "PB_Rupnagar"],
 "HP_Chamba": ["HP_Kangra", "HP_Lahaul and Spiti", "JK_Doda", "JK_Kathua", "JK_Kishtwar", "PB_Pathankot"],
 "HP_Hamirpur": ["HP_Bilaspur", "HP_Kangra", "HP_Mandi", "HP_Una"],
 "HP_Kangra": ["HP_Chamba", "HP_Hamirpur", "HP_Kullu", "HP_Lahaul and Spiti", "HP_Mandi", "HP_Una", "PB_Gurdaspur", "PB_Hoshiarpur", "PB_Pathankot"],
 "HP_Kinnaur": ["HP_Kullu", "HP_Lahaul and Spiti", "HP_Shimla", "UT_Uttarkashi"],
 "HP_Kullu": ["HP_Kangra", "HP_Kinnaur", "HP_Lahaul and Spiti", "HP_Mandi", "HP_Shimla"],
 "HP_Lahaul and Spiti": ["HP_Chamba", "HP_Kangra", "HP_Kinnaur", "HP_Kullu", "JK_Kishtwar", "LA_Kargil", "LA_Leh"],
 "HP_Mandi": ["HP_Bilaspur", "HP_Hamirpur", "HP_Kangra", "HP_Kullu", "HP_Shimla", "HP_Solan"],
 "HP_Shimla": ["HP_Kinnaur", "HP_Kullu", "HP_Mandi", "HP_Sirmaur", "HP_Solan", "UT_Dehradun", "UT_Uttarkashi"],
 "HP_Sirmaur": ["HP_Shimla", "HP_Solan", "HR_Ambala", "HR_Panchkula", "HR_Yamunanagar", "UP_Saharanpur", "UT_Dehradun"],
 "HP_Solan": ["HP_Bilaspur", "HP_Mandi", "HP_Shimla", "HP_Sirmaur", "HR_Panchkula", "PB_Rupnagar", "PB_S.A.S. Nagar"],
 "HP_Una": ["HP_Bilaspur", "HP_Hamirpur", "HP_Kangra", "PB_Hoshiarpur", "PB_Rupnagar"],
 "HR_Ambala": ["HP_Sirmaur", "HR_Kurukshetra", "HR_Panchkula", "HR_Yamunanagar", "PB_Patiala", "PB_S.A.S. Nagar"],
 "HR_Bhiwani": ["HR_Charkhi Dadri", "HR_Hisar", "HR_Mahendragarh", "HR_Rohtak", "RJ_Churu", "RJ_Hanumangarh", "RJ_Jhunjhunu"],
 "HR_Charkhi Dadri": ["HR_Bhiwani", "HR_Jhajjar", "HR_Mahendragarh", "HR_Rohtak"],
 "HR_Faridabad": ["DL_Delhi", "HR_Gurugram", "HR_Palwal", "UP_Gautam Buddha Nagar"],
 "HR_Fatehabad": ["HR_Hisar", "HR_Jind", "HR_Sirsa", "PB_Mansa", "PB_Sangrur", "RJ_Hanumangarh"],
 "HR_Gurugram": ["DL_Delhi", "HR_Faridabad", "HR_Jhajjar", "HR_Nuh", "HR_Palwal", "HR_Rewari"],
 "HR_Hisar": ["HR_Bhiwani", "HR_Fatehabad", "HR_Jind", "HR_Rohtak", "RJ_Hanumangarh"],
 "HR_Jhajjar": ["DL_Delhi", "HR_Charkhi Dadri", "HR_Gurugram", "HR_Mahendragarh", "HR_Rewari", "HR_Rohtak", "HR_Sonipat"],
 "HR_Jind": ["HR_Fatehabad", "HR_Hisar", "HR_Kaithal", "HR_Karnal", "HR_Panipat", "HR_Rohtak", "HR_Sonipat", "PB_Patiala", "PB_Sangrur"],
 "HR_Kaithal": ["HR_Jind", "HR_Karnal", "HR_Kurukshetra", "PB_Patiala"],
 "HR_Karnal": ["HR_Jind", "HR_Kaithal", "HR_Kurukshetra", "HR_Panipat", "HR_Yamunanagar", "UP_Saharanpur", "UP_Shamli"],
 "HR_Kurukshetra": ["HR_Ambala", "HR_Kaithal", "HR_Karnal", "HR_Yamunanagar", "PB_Patiala"],
 "HR_Mahendragarh": ["HR_Bhiwani", "HR_Charkhi Dadri", "HR_Jhajjar", "HR_Rewari", "RJ_Alwar", "RJ_Jaipur", "RJ_Jhunjhunu", "RJ_Sikar"],
 "HR_Nuh": ["HR_Gurugram", "HR_Palwal", "HR_Rewari", "RJ_Alwar", "RJ_Bharatpur", "UP_Mathura"],
 "HR_Palwal": ["HR_Faridabad", "HR_Gurugram", "HR_Nuh", "UP_Aligarh", "UP_Gautam Buddha Nagar", "UP_Mathura"],
 "HR_Panchkula": ["CH_Chandigarh", "HP_Sirmaur", "HP_Solan", "HR_Ambala", "PB_S.A.S. Nagar"],
 "HR_Panipat": ["HR_Jind", "HR_Karnal", "HR_Sonipat", "UP_Baghpat", "UP_Shamli"],
 "HR_Rewari": ["HR_Gurugram", "HR_Jhajjar", "HR_Mahendragarh", "HR_Nuh", "RJ_Alwar"],
 "HR_Rohtak": ["HR_Bhiwani", "HR_Charkhi Dadri", "HR_Hisar", "HR_Jhajjar", "HR_Jind", "HR_Sonipat"],
 "HR_Sirsa": ["HR_Fatehabad", "PB_Bathinda", "PB_Mansa", "PB_Sri Muktsar Sahib", "RJ_Hanumangarh"],
 "HR_Sonipat": ["DL_Delhi", "HR_Jhajjar", "HR_Jind", "HR_Panipat", "HR_Rohtak", "UP_Baghpat"],
 "HR_Yamunanagar": ["HP_Sirmaur", "HR_Ambala", "HR_Karnal", "HR_Kurukshetra", "UP_Saharanpur"],
 "JH_Bokaro": ["JH_Dhanbad", "JH_Giridih", "JH_Hazaribagh", "JH_Ramgarh", "WB_Purulia"],
 "JH_Chatra": ["BR_Gaya", "JH_Hazaribagh", "JH_Latehar", "JH_Palamu", "JH_Ranchi"],
 "JH_Deoghar": ["BR_Banka", "BR_Jamui", "JH_Dumka", "JH_Giridih", "JH_Jamtara"],
 "JH_Dhanbad": ["JH_Bokaro", "JH_Giridih", "JH_Jamtara", "WB_Paschim Bardhaman", "WB_Purulia"],
 "JH_Dumka": ["BR_Banka", "JH_Deoghar", "JH_Godda", "JH_Jamtara", "JH_Pakur", "WB_Birbhum"],
 "JH_East Singhbhum": ["OR_Mayurbhanj", "WB_Jhargram", "WB_Purulia"],
 "JH_Garhwa": ["BR_Rohtas", "CT_Balrampur", "JH_Latehar", "JH_Palamu", "UP_Sonbhadra"],
 "JH_Giridih": ["BR_Jamui", "BR_Nawada", "JH_Bokaro", "JH_Deoghar", "JH_Dhanbad", "JH_Hazaribagh", "JH_Jamtara", "JH_Koderma"],
 "JH_Godda": ["BR_Banka", "BR_Bhagalpur", "JH_Dumka", "JH_Pakur", "JH_Sahibganj"],
 "JH_Gumla": ["CT_Balrampur", "CT_Jashpur", "JH_Khunti", "JH_Latehar", "JH_Lohardaga", "JH_Ranchi", "JH_Simdega"],
 "JH_Hazaribagh": ["BR_Gaya", "JH_Bokaro", "JH_Chatra", "JH_Giridih", "JH_Koderma", "JH_Ramgarh", "JH_Ranchi"],
 "JH_Jamtara": ["JH_Deoghar", "JH_Dhanbad", "JH_Dumka", "JH_Giridih", "WB_Birbhum", "WB_Paschim Bardhaman"],
 "JH_Khunti": ["JH_Gumla", "JH_Ranchi", "JH_Simdega", "JH_West Singhbhum"],
 "JH_Koderma": ["BR_Gaya", "BR_Nawada", "JH_Giridih", "JH_Hazaribagh"],
 "JH_Latehar": ["CT_Balrampur", "JH_Chatra", "JH_Garhwa", "JH_Gumla", "JH_Lohardaga", "JH_Palamu", "JH_Ranchi"],
 "JH_Lohardaga": ["JH_Gumla", "JH_Latehar", "JH_Ranchi"],
 "JH_Pakur": ["JH_Dumka", "JH_Godda", "JH_Sahibganj", "WB_Birbhum", "WB_Murshidabad"],
 "JH_Palamu": ["BR_Aurangabad", "BR_Gaya", "BR_Rohtas", "JH_Chatra", "JH_Garhwa", "JH_Latehar"],
 "JH_Ramgarh": ["JH_Bokaro", "JH_Hazaribagh", "JH_Ranchi", "WB_Purulia"],
 "JH_Ranchi": ["JH_Chatra", "JH_Gumla", "JH_Hazaribagh", "JH_Khunti", "JH_Latehar", "JH_Lohardaga", "JH_Ramgarh", "WB_Purulia"],
 "JH_Sahibganj": ["BR_Bhagalpur", "BR_Katihar", "JH_Godda", "JH_Pakur", "WB_Malda", "WB_Murshidabad"],
 "JH_Simdega": ["CT_Jashpur", "JH_Gumla", "JH_Khunti", "JH_West Singhbhum", "OR_Sundargarh"],
 "JH_West Singhbhum": ["JH_Khunti", "JH_Simdega", "OR_Kendujhar", "OR_Mayurbhanj", "OR_Sundargarh"],
 "JK_Anantnag": ["JK_Doda", "JK_Ganderbal", "JK_Kishtwar", "JK_Kulgam", "JK_Pulwama", "JK_Ramban", "JK_Shopiyan", "JK_Srinagar", "LA_Kargil"],
 "JK_Bandipora": ["JK_Baramulla", "JK_Ganderbal", "JK_Kupwara", "JK_Srinagar", "LA_Kargil"],
 "JK_Baramulla": ["JK_Bandipora", "JK_Budgam", "JK_Kupwara", "JK_Punch", "JK_Srinagar"],
 "JK_Budgam": ["JK_Baramulla", "JK_Kulgam", "JK_Pulwama", "JK_Punch", "JK_Shopiyan", "JK_Srinagar"],
 "JK_Doda": ["HP_Chamba", "JK_Anantnag", "JK_Kathua", "JK_Kishtwar", "JK_Ramban", "JK_Udhampur"],
 "JK_Ganderbal": ["JK_Anantnag", "JK_Bandipora", "JK_Srinagar", "LA_Kargil"],
 "JK_Jammu": ["JK_Rajouri", "JK_Reasi", "JK_Samba", "JK_Udhampur"],
 "JK_Kathua": ["HP_Chamba", "JK_Doda", "JK_Samba", "JK_Udhampur", "PB_Pathankot"],
 "JK_Kishtwar": ["HP_Chamba", "HP_Lahaul and Spiti", "JK_Anantnag", "JK_Doda", "LA_Kargil"],
 "JK_Kulgam": ["JK_Anantnag", "JK_Budgam", "JK_Punch", "JK_Rajouri", "JK_Ramban", "JK_Reasi", "JK_Shopiyan"],
 "JK_Kupwara": ["JK_Bandipora", "JK_Baramulla"],
 "JK_Pulwama": ["JK_Anantnag", "JK_Budgam", "JK_Shopiyan", "JK_Srinagar"],
 "JK_Punch": ["JK_Baramulla", "JK_Budgam", "JK_Kulgam", "JK_Rajouri", "JK_Reasi"],
 "JK_Rajouri": ["JK_Jammu", "JK_Kulgam", "JK_Punch", "JK_Reasi"],
 "JK_Ramban": ["JK_Anantnag", "JK_Doda", "JK_Kulgam", "JK_Reasi", "JK_Udhampur"],
 "JK_Reasi": ["JK_Jammu", "JK_Kulgam", "JK_Punch", "JK_Rajouri", "JK_Ramban", "JK_Udhampur"],
 "JK_Samba": ["JK_Jammu", "JK_Kathua", "JK_Udhampur"],
 "JK_Shopiyan": ["JK_Anantnag", "JK_Budgam", "JK_Kulgam", "JK_Pulwama"],
 "JK_Srinagar": ["JK_Anantnag", "JK_Bandipora", "JK_Baramulla", "JK_Budgam", "JK_Ganderbal", "JK_Pulwama"],
 "JK_Udhampur": ["JK_Doda", "JK_Jammu", "JK_Kathua", "JK_Ramban", "JK_Reasi", "JK_Samba"],
 "KA_Bagalkote": ["KA_Belagavi", "KA_Gadag", "KA_Koppal", "KA_Raichur", "KR_Bijapur"],
 "KA_Ballari": ["AP_Anantapur", "AP_Kurnool", "KA_Chitradurga", "KA_Davanagere", "KA_Gadag", "KA_Haveri", "KA_Koppal", "KA_Raichur"],
 "KA_Belagavi": ["GA_Goa", "KA_Bagalkote", "KA_Dharwad", "KA_Gadag", "KA_Uttara Kannada", "KR_Bijapur", "MH_Kolhapur", "MH_Sangli", "MH_Sindhudurg"],
 "KA_Bengaluru Rural": ["KA_Bengaluru Urban", "KA_Chikkaballapura", "KA_Kolar", "KA_Ramanagara", "KA_Tumakuru", "TN_Krishnagiri"],
 "KA_Bengaluru Urban": ["KA_Bengaluru Rural", "KA_Ramanagara", "TN_Krishnagiri"],
 "KA_Bidar": ["KA_Kalaburagi", "MH_Latur", "MH_Nanded", "MH_Osmanabad", "TL_Telangana"],
 "KA_Chamarajanagara": ["KA_Mandya", "KA_Mysuru", "KA_Ramanagara", "KL_Wayanad", "TN_Dharmapuri", "TN_Erode", "TN_Krishnagiri", "TN_Nilgiris", "TN_Salem"],
 "KA_Chikkaballapura": ["AP_Anantapur", "AP_Chittoor", "KA_Bengaluru Rural", "KA_Kolar", "KA_Tumakuru"],
 "KA_Chikkamagaluru": ["KA_Chitradurga", "KA_Dakshina Kannada", "KA_Davanagere", "KA_Hassan", "KA_Shivamogga", "KA_Tumakuru", "KA_Udupi"],
 "KA_Chitradurga": ["AP_Anantapur", "KA_Ballari", "KA_Chikkamagaluru", "KA_Davanagere", "KA_Tumakuru"],
 "KA_Dakshina Kannada": ["KA_Chikkamagaluru", "KA_Hassan", "KA_Kodagu", "KA_Udupi", "KL_Kasaragod"],
 "KA_Davanagere": ["KA_Ballari", "KA_Chikkamagaluru", "KA_Chitradurga", "KA_Haveri", "KA_Shivamogga"],
 "KA_Dharwad": ["KA_Belagavi", "KA_Gadag", "KA_Haveri", "KA_Uttara Kannada"],
 "KA_Gadag": ["KA_Bagalkote", "KA_Ballari", "KA_Belagavi", "KA_Dharwad", "KA_Haveri", "KA_Koppal"],
 "KA_Hassan": ["KA_Chikkamagaluru", "KA_Dakshina Kannada", "KA_Kodagu", "KA_Mandya", "KA_Mysuru", "KA_Tumakuru"],
 "KA_Haveri": ["KA_Ballari", "KA_Davanagere", "KA_Dharwad", "KA_Gadag", "KA_Shivamogga", "KA_Uttara Kannada"],
 "KA_Kalaburagi": ["KA_Bidar", "KA_Yadgir", "KR_Bijapur", "MH_Osmanabad", "MH_Solapur", "TL_Telangana"],
 "KA_Kodagu": ["KA_Dakshina Kannada", "KA_Hassan", "KA_Mysuru", "KL_Kannur", "KL_Kasaragod", "KL_Wayanad"],
 "KA_Kolar": ["AP_Chittoor", "KA_Bengaluru Rural", "KA_Chikkaballapura", "TN_Krishnagiri"],
 "KA_Koppal": ["KA_Bagalkote", "KA_Ballari", "KA_Gadag", "KA_Raichur"],
 "KA_Mandya": ["KA_Chamarajanagara", "KA_Hassan", "KA_Mysuru", "KA_Ramanagara", "KA_Tumakuru"],
 "KA_Mysuru": ["KA_Chamarajanagara", "KA_Hassan", "KA_Kodagu", "KA_Mandya", "KL_Wayanad"],
 "KA_Raichur": ["AP_Kurnool", "KA_Bagalkote", "KA_Ballari", "KA_Koppal", "KA_Yadgir", "KR_Bijapur", "TL_Telangana"],
 "KA_Ramanagara": ["KA_Bengaluru Rural", "KA_Bengaluru Urban", "KA_Chamarajanagara", "KA_Mandya", "KA_Tumakuru", "TN_Krishnagiri"],
 "KA_Shivamogga": ["KA_Chikkamagaluru", "KA_Davanagere", "KA_Haveri", "KA_Udupi", "KA_Uttara Kannada"],
 "KA_Tumakuru": ["AP_Anantapur", "KA_Bengaluru Rural", "KA_Chikkaballapura", "KA_Chikkamagaluru", "KA_Chitradurga", "KA_Hassan", "KA_Mandya", "KA_Ramanagara"],
 "KA_Udupi": ["KA_Chikkamagaluru", "KA_Dakshina Kannada", "KA_Shivamogga", "KA_Uttara Kannada"],
 "KA_Uttara Kannada": ["GA_Goa", "KA_Belagavi", "KA_Dharwad", "KA_Haveri", "KA_Shivamogga", "KA_Udupi"],
 "KA_Yadgir": ["KA_Kalaburagi", "KA_Raichur", "KR_Bijapur", "TL_Telangana"],
 "KL_Alappuzha": ["KL_Ernakulam", "KL_Kollam", "KL_Kottayam"],
 "KL_Ernakulam": ["KL_Alappuzha", "KL_Idukki", "KL_Kottayam", "KL_Thrissur", "TN_Coimbatore"],
 "KL_Idukki": ["KL_Ernakulam", "KL_Kottayam", "TN_Coimbatore", "TN_Dindigul", "TN_Theni", "TN_Tirunelveli", "TN_Tiruppur", "TN_Virudhunagar"],
 "KL_Kannur": ["KA_Kodagu", "KL_Kasaragod", "KL_Kozhikode", "KL_Wayanad", "PY_Mahe"],
 "KL_Kasaragod": ["KA_Dakshina Kannada", "KA_Kodagu", "KL_Kannur"],
 "KL_Kollam": ["KL_Alappuzha", "KL_Thiruvananthapuram", "TN_Tirunelveli"],
 "KL_Kottayam": ["KL_Alappuzha", "KL_Ernakulam", "KL_Idukki"],
 "KL_Kozhikode": ["KL_Kannur", "KL_Malappuram", "KL_Wayanad", "PY_Mahe"],
 "KL_Malappuram": ["KL_Kozhikode", "KL_Palakkad", "KL_Thrissur", "KL_Wayanad", "TN_Nilgiris"],
 "KL_Palakkad": ["KL_Malappuram", "KL_Thrissur", "TN_Coimbatore", "TN_Nilgiris"],
 "KL_Thiruvananthapuram": ["KL_Kollam", "TN_Kanyakumari", "TN_Tirunelveli"],
 "KL_Thrissur": ["KL_Ernakulam", "KL_Malappuram", "KL_Palakkad", "TN_Coimbatore"],
 "KL_Wayanad": ["KA_Chamarajanagara", "KA_Kodagu", "KA_Mysuru", "KL_Kannur", "KL_Kozhikode", "KL_Malappuram", "TN_Nilgiris"],
 "KR_Bijapur": ["KA_Bagalkote", "KA_Belagavi", "KA_Kalaburagi", "KA_Raichur", "KA_Yadgir", "MH_Sangli", "MH_Solapur"],
 "LA_Kargil": ["HP_Lahaul and Spiti", "JK_Anantnag", "JK_Bandipora", "JK_Ganderbal", "JK_Kishtwar", "LA_Leh"],
 "LA_Leh": ["HP_Lahaul and Spiti", "LA_Kargil"],
 "MH_Ahmednagar": ["MH_Aurangabad", "MH_Beed", "MH_Nashik", "MH_Osmanabad", "MH_Pune", "MH_Solapur", "MH_Thane"],
 "MH_Akola": ["MH_Amravati", "MH_Buldhana", "MH_Washim"],
 "MH_Amravati": ["MH_Akola", "MH_Buldhana", "MH_Nagpur", "MH_Wardha", "MH_Washim", "MH_Yavatmal", "MP_Betul", "MP_Burhanpur", "MP_Chhindwara", "MP_Khandwa"],
 "MH_Aurangabad": ["MH_Ahmednagar", "MH_Beed", "MH_Jalgaon", "MH_Jalna", "MH_Nashik"],
 "MH_Beed": ["MH_Ahmednagar", "MH_Aurangabad", "MH_Jalna", "MH_Latur", "MH_Osmanabad"],
 "MH_Bhandara": ["MH_Chandrapur", "MH_Gadchiroli", "MH_Gondia", "MH_Nagpur", "MP_Balaghat"],
 "MH_Buldhana": ["MH_Akola", "MH_Amravati", "MH_Jalgaon", "MH_Jalna", "MH_Washim", "MP_Burhanpur"],
 "MH_Chandrapur": ["MH_Bhandara", "MH_Gadchiroli", "MH_Nagpur", "MH_Wardha", "MH_Yavatmal", "TL_Telangana"],
 "MH_Dhule": ["GJ_Dang", "GJ_Tapi", "MH_Jalgaon", "MH_Nandurbar", "MH_Nashik", "MP_Barwani"],
 "MH_Gadchiroli": ["CT_Bijapur", "CT_Narayanpur", "CT_Rajnandgaon", "CT_Uttar Bastar Kanker", "MH_Bhandara", "MH_Chandrapur", "MH_Gondia", "TL_Telangana"],
 "MH_Gondia": ["CT_Rajnandgaon", "MH_Bhandara", "MH_Gadchiroli", "MP_Balaghat"],
 "MH_Hingoli": ["MH_Nanded", "MH_Washim", "MH_Yavatmal"],
 "MH_Jalgaon": ["MH_Aurangabad", "MH_Buldhana", "MH_Dhule", "MH_Jalna", "MH_Nashik", "MP_Barwani", "MP_Burhanpur", "MP_Khargone"],
 "MH_Jalna": ["MH_Aurangabad", "MH_Beed", "MH_Buldhana", "MH_Jalgaon"],
 "MH_Kolhapur": ["KA_Belagavi", "MH_Ratnagiri", "MH_Sangli", "MH_Sindhudurg"],
 "MH_Latur": ["KA_Bidar", "MH_Beed", "MH_Nanded", "MH_Osmanabad"],
 "MH_Mumbai": ["MH_Thane"],
 "MH_Nagpur": ["MH_Amravati", "MH_Bhandara", "MH_Chandrapur", "MH_Wardha", "MP_Balaghat", "MP_Chhindwara", "MP_Seoni"],
 "MH_Nanded": ["KA_Bidar", "MH_Hingoli", "MH_Latur", "MH_Yavatmal", "TL_Telangana"],
 "MH_Nandurbar": ["GJ_Chhota Udaipur", "GJ_Narmada", "GJ_Tapi", "MH_Dhule", "MP_Alirajpur", "MP_Barwani"],
 "MH_Nashik": ["GJ_Dang", "GJ_Navsari", "GJ_Valsad", "MH_Ahmednagar", "MH_Aurangabad", "MH_Dhule", "MH_Jalgaon", "MH_Palghar", "MH_Thane"],
 "MH_Osmanabad": ["KA_Bidar", "KA_Kalaburagi", "MH_Ahmednagar", "MH_Beed", "MH_Latur", "MH_Solapur"],
 "MH_Palghar": ["DN_Dadra and Nagar Haveli", "GJ_Valsad", "MH_Nashik", "MH_Thane"],
 "MH_Pune": ["MH_Ahmednagar", "MH_Raigad", "MH_Satara", "MH_Solapur", "MH_Thane"],
 "MH_Raigad": ["MH_Pune", "MH_Ratnagiri", "MH_Satara", "MH_Thane"],
 "MH_Ratnagiri": ["MH_Kolhapur", "MH_Raigad", "MH_Sangli", "MH_Satara", "MH_Sindhudurg"],
 "MH_Sangli": ["KA_Belagavi", "KR_Bijapur", "MH_Kolhapur", "MH_Ratnagiri", "MH_Satara", "MH_Solapur"],
 "MH_Satara": ["MH_Pune", "MH_Raigad", "MH_Ratnagiri", "MH_Sangli", "MH_Solapur"],
 "MH_Sindhudurg": ["GA_Goa", "KA_Belagavi", "MH_Kolhapur", "MH_Ratnagiri"],
 "MH_Solapur": ["KA_Kalaburagi", "KR_Bijapur", "MH_Ahmednagar", "MH_Osmanabad", "MH_Pune", "MH_Sangli", "MH_Satara"],
 "MH_Thane": ["MH_Ahmednagar", "MH_Mumbai", "MH_Nashik", "MH_Palghar", "MH_Pune", "MH_Raigad"],
 "MH_Wardha": ["MH_Amravati", "MH_Chandrapur", "MH_Nagpur", "MH_Yavatmal"],
 "MH_Washim": ["MH_Akola", "MH_Amravati", "MH_Buldhana", "MH_Hingoli", "MH_Yavatmal"],
 "MH_Yavatmal": ["MH_Amravati", "MH_Chandrapur", "MH_Hingoli", "MH_Nanded", "MH_Wardha", "MH_Washim", "TL_Telangana"],
 "ML_East Garo Hills": ["ML_North Garo Hills", "ML_South Garo Hills", "ML_West Garo Hills", "ML_West Khasi Hills"],
 "ML_East Jaintia Hills": ["AS_Assam", "ML_West Jaintia Hills"],
 "ML_East Khasi Hills": ["ML_Ribhoi", "ML_South West Khasi Hills", "ML_West Jaintia Hills", "ML_West Khasi Hills"],
 "ML_North Garo Hills": ["AS_Assam", "ML_East Garo Hills", "ML_West Garo Hills", "ML_West Khasi Hills"],
 "ML_Ribhoi": ["AS_Assam", "ML_East Khasi Hills", "ML_West Jaintia Hills", "ML_West Khasi Hills"],
 "ML_South Garo Hills": ["ML_East Garo Hills", "ML_South West Khasi Hills", "ML_West Garo Hills", "ML_West Khasi Hills"],
 "ML_South West Garo Hills": ["AS_Assam", "ML_West Garo Hills"],
 "ML_South West Khasi Hills": ["ML_East Khasi Hills", "ML_South Garo Hills", "ML_West Khasi Hills"],
 "ML_West Garo Hills": ["AS_Assam", "ML_East Garo Hills", "ML_North Garo Hills", "ML_South Garo Hills", "ML_South West Garo Hills"],
 "ML_West Jaintia Hills": ["AS_Assam", "ML_East Jaintia Hills", "ML_East Khasi Hills", "ML_Ribhoi"],
 "ML_West Khasi Hills": ["AS_Assam", "ML_East Garo Hills", "ML_East Khasi Hills", "ML_North Garo Hills", "ML_Ribhoi", "ML_South Garo Hills", "ML_South West Khasi Hills"],
 "MN_Manipur": ["MZ_Aizawl", "MZ_Champhai", "NL_Kohima", "NL_Peren", "NL_Phek"],
 "MP_Agar Malwa": ["MP_Rajgarh", "MP_Ratlam", "MP_Shajapur", "MP_Ujjain", "RJ_Jhalawar"],
 "MP_Alirajpur": ["GJ_Chhota Udaipur", "GJ_Dahod", "MH_Nandurbar", "MP_Barwani", "MP_Dhar", "MP_Jhabua"],
 "MP_Anuppur": ["CT_Bilaspur", "CT_Koriya", "CT_Mungeli", "MP_Dindori", "MP_Shahdol", "MP_Umaria"],
 "MP_Ashoknagar": ["MP_Guna", "MP_Sagar", "MP_Shivpuri", "MP_Vidisha", "UP_Lalitpur"],
 "MP_Balaghat": ["CT_Kabeerdham", "CT_Rajnandgaon", "MH_Bhandara", "MH_Gondia", "MH_Nagpur", "MP_Mandla", "MP_Seoni"],
 "MP_Barwani": ["MH_Dhule", "MH_Jalgaon", "MH_Nandurbar", "MP_Alirajpur", "MP_Dhar", "MP_Khargone"],
 "MP_Betul": ["MH_Amravati", "MP_Chhindwara", "MP_Harda", "MP_Hoshangabad", "MP_Khandwa"],
 "MP_Bhind": ["MP_Datia", "MP_Gwalior", "MP_Morena", "UP_Agra", "UP_Etawah", "UP_Jalaun", "UP_Jhansi"],
 "MP_Bhopal": ["MP_Guna", "MP_Raisen", "MP_Rajgarh", "MP_Sehore", "MP_Vidisha"],
 "MP_Burhanpur": ["MH_Amravati", "MH_Buldhana", "MH_Jalgaon", "MP_Khandwa", "MP_Khargone"],
 "MP_Chhatarpur": ["MP_Damoh", "MP_Panna", "MP_Sagar", "MP_Tikamgarh", "UP_Banda", "UP_Jhansi", "UP_Lalitpur", "UP_Mahoba"],
 "MP_Chhindwara": ["MH_Amravati", "MH_Nagpur", "MP_Betul", "MP_Hoshangabad", "MP_Narsinghpur", "MP_Seoni"],
 "MP_Damoh": ["MP_Chhatarpur", "MP_Jabalpur", "MP_Katni", "MP_Narsinghpur", "MP_Panna", "MP_Sagar"],
 "MP_Datia": ["MP_Bhind", "MP_Gwalior", "MP_Shivpuri", "UP_Jhansi", "UP_Lalitpur"],
 "MP_Dewas": ["MP_Harda", "MP_Indore", "MP_Khandwa", "MP_Khargone", "MP_Sehore", "MP_Shajapur", "MP_Ujjain"],
 "MP_Dhar": ["MP_Alirajpur", "MP_Barwani", "MP_Indore", "MP_Jhabua", "MP_Khargone", "MP_Ratlam", "MP_Ujjain"],
 "MP_Dindori": ["CT_Kabeerdham", "CT_Mungeli", "MP_Anuppur", "MP_Jabalpur", "MP_Mandla", "MP_Umaria"],
 "MP_Guna": ["MP_Ashoknagar", "MP_Bhopal", "MP_Rajgarh", "MP_Shivpuri", "MP_Vidisha", "RJ_Baran", "RJ_Jhalawar"],
 "MP_Gwalior": ["MP_Bhind", "MP_Datia", "MP_Morena", "MP_Shivpuri"],
 "MP_Harda": ["MP_Betul", "MP_Dewas", "MP_Hoshangabad", "MP_Khandwa", "MP_Sehore"],
 "MP_Hoshangabad": ["MP_Betul", "MP_Chhindwara", "MP_Harda", "MP_Narsinghpur", "MP_Raisen", "MP_Sehore"],
 "MP_Indore": ["MP_Dewas", "MP_Dhar", "MP_Khargone", "MP_Ujjain"],
 "MP_Jabalpur": ["MP_Damoh", "MP_Dindori", "MP_Katni", "MP_Mandla", "MP_Narsinghpur", "MP_Seoni", "MP_Umaria"],
 "MP_Jhabua": ["GJ_Dahod", "MP_Alirajpur", "MP_Dhar", "MP_Ratlam", "RJ_Banswara"],
 "MP_Katni": ["MP_Damoh", "MP_Jabalpur", "MP_Panna", "MP_Satna", "MP_Umaria"],
 "MP_Khandwa": ["MH_Amravati", "MP_Betul", "MP_Burhanpur", "MP_Dewas", "MP_Harda", "MP_Khargone"],
 "MP_Khargone": ["MH_Jalgaon", "MP_Barwani", "MP_Burhanpur", "MP_Dewas", "MP_Dhar", "MP_Indore", "MP_Khandwa"],
 "MP_Mandla": ["CT_Kabeerdham", "MP_Balaghat", "MP_Dindori", "MP_Jabalpur", "MP_Seoni"],
 "MP_Mandsaur": ["MP_Neemuch", "MP_Ratlam", "RJ_Chittorgarh", "RJ_Jhalawar", "RJ_Kota", "RJ_Pratapgarh"],
 "MP_Morena": ["MP_Bhind", "MP_Gwalior", "MP_Sheopur", "MP_Shivpuri", "RJ_Dholpur", "RJ_Karauli", "UP_Agra"],
 "MP_Narsinghpur": ["MP_Chhindwara", "MP_Damoh", "MP_Hoshangabad", "MP_Jabalpur", "MP_Raisen", "MP_Sagar", "MP_Seoni"],
 "MP_Neemuch": ["MP_Mandsaur", "RJ_Bhilwara", "RJ_Chittorgarh", "RJ_Pratapgarh"],
 "MP_Panna": ["MP_Chhatarpur", "MP_Damoh", "MP_Katni", "MP_Satna", "UP_Banda"],
 "MP_Raisen": ["MP_Bhopal", "MP_Hoshangabad", "MP_Narsinghpur", "MP_Sagar", "MP_Sehore", "MP_Vidisha"],
 "MP_Rajgarh": ["MP_Agar Malwa", "MP_Bhopal", "MP_Guna", "MP_Sehore", "MP_Shajapur", "RJ_Jhalawar"],
 "MP_Ratlam": ["MP_Agar Malwa", "MP_Dhar", "MP_Jhabua", "MP_Mandsaur", "MP_Ujjain", "RJ_Banswara", "RJ_Jhalawar", "RJ_Pratapgarh"],
 "MP_Rewa": ["MP_Satna", "MP_Sidhi", "MP_Singrauli", "UP_Chitrakoot", "UP_Mirzapur", "UP_Prayagraj"],
 "MP_Sagar": ["MP_Ashoknagar", "MP_Chhatarpur", "MP_Damoh", "MP_Narsinghpur", "MP_Raisen", "MP_Vidisha", "UP_Lalitpur"],
 "MP_Satna": ["MP_Katni", "MP_Panna", "MP_Rewa", "MP_Shahdol", "MP_Sidhi", "MP_Umaria", "UP_Banda", "UP_Chitrakoot"],
 "MP_Sehore": ["MP_Bhopal", "MP_Dewas", "MP_Harda", "MP_Hoshangabad", "MP_Raisen", "MP_Rajgarh", "MP_Shajapur"],
 "MP_Seoni": ["MH_Nagpur", "MP_Balaghat", "MP_Chhindwara", "MP_Jabalpur", "MP_Mandla", "MP_Narsinghpur"],
 "MP_Shahdol": ["CT_Koriya", "MP_Anuppur", "MP_Satna", "MP_Sidhi", "MP_Umaria"],
 "MP_Shajapur": ["MP_Agar Malwa", "MP_Dewas", "MP_Rajgarh", "MP_Sehore", "MP_Ujjain"],
 "MP_Sheopur": ["MP_Morena", "MP_Shivpuri", "RJ_Baran", "RJ_Karauli", "RJ_Kota", "RJ_Sawai Madhopur"],
 "MP_Shivpuri": ["MP_Ashoknagar", "MP_Datia", "MP_Guna", "MP_Gwalior", "MP_Morena", "MP_Sheopur", "RJ_Baran", "UP_Jhansi", "UP_Lalitpur"],
 "MP_Sidhi": ["CT_Koriya", "MP_Rewa", "MP_Satna", "MP_Shahdol", "MP_Singrauli"],
 "MP_Singrauli": ["CT_Balrampur", "CT_Koriya", "CT_Surajpur", "MP_Rewa", "MP_Sidhi", "UP_Mirzapur", "UP_Sonbhadra"],
 "MP_Tikamgarh": ["MP_Chhatarpur", "UP_Jhansi", "UP_Lalitpur"],
 "MP_Ujjain": ["MP_Agar Malwa", "MP_Dewas", "MP_Dhar", "MP_Indore", "MP_Ratlam", "MP_Shajapur"],
 "MP_Umaria": ["MP_Anuppur", "MP_Dindori", "MP_Jabalpur", "MP_Katni", "MP_Satna", "MP_Shahdol"],
 "MP_Vidisha": ["MP_Ashoknagar", "MP_Bhopal", "MP_Guna", "MP_Raisen", "MP_Sagar"],
 "MZ_Aizawl": ["AS_Assam", "MN_Manipur", "MZ_Champhai", "MZ_Kolasib", "MZ_Lunglei", "MZ_Mamit", "MZ_Serchhip"],
 "MZ_Champhai": ["MN_Manipur", "MZ_Aizawl", "MZ_Serchhip"],
 "MZ_Kolasib": ["AS_Assam", "MZ_Aizawl", "MZ_Mamit"],
 "MZ_Lawngtlai": ["MZ_Lunglei", "MZ_Saiha"],
 "MZ_Lunglei": ["MZ_Aizawl", "MZ_Lawngtlai", "MZ_Mamit", "MZ_Serchhip"],
 "MZ_Mamit": ["AS_Assam", "MZ_Aizawl", "MZ_Kolasib", "MZ_Lunglei", "TR_North Tripura"],
 "MZ_Saiha": ["MZ_Lawngtlai"],
 "MZ_Serchhip": ["MZ_Aizawl", "MZ_Champhai", "MZ_Lunglei"],
 "NL_Dimapur": ["AS_Assam", "NL_Kohima", "NL_Peren"],
 "NL_Kiphire": ["NL_Phek", "NL_Tuensang", "NL_Zunheboto"],
 "NL_Kohima": ["AS_Assam", "MN_Manipur", "NL_Dimapur", "NL_Peren", "NL_Phek", "NL_Wokha", "NL_Zunheboto"],
 "NL_Longleng": ["AS_Assam", "NL_Mokokchung", "NL_Mon", "NL_Tuensang"],
 "NL_Mokokchung": ["AS_Assam", "NL_Longleng", "NL_Tuensang", "NL_Wokha", "NL_Zunheboto"],
 "NL_Mon": ["AR_Longding", "AS_Assam", "NL_Longleng", "NL_Tuensang"],
 "NL_Peren": ["AS_Assam", "MN_Manipur", "NL_Dimapur", "NL_Kohima"],
 "NL_Phek": ["MN_Manipur", "NL_Kiphire", "NL_Kohima", "NL_Zunheboto"],
 "NL_Tuensang": ["NL_Kiphire", "NL_Longleng", "NL_Mokokchung", "NL_Mon", "NL_Zunheboto"],
 "NL_Wokha": ["AS_Assam", "NL_Kohima", "NL_Mokokchung", "NL_Zunheboto"],
 "NL_Zunheboto": ["NL_Kiphire", "NL_Kohima", "NL_Mokokchung", "NL_Phek", "NL_Tuensang", "NL_Wokha"],
 "OR_Angul": ["OR_Boudh", "OR_Cuttack", "OR_Deogarh", "OR_Dhenkanal", "OR_Kendujhar", "OR_Nayagarh", "OR_Sambalpur", "OR_Subarnapur", "OR_Sundargarh"],
 "OR_Balangir": ["OR_Bargarh", "OR_Boudh", "OR_Kalahandi", "OR_Kandhamal", "OR_Nuapada", "OR_Subarnapur"],
 "OR_Balasore": ["OR_Bhadrak", "OR_Kendujhar", "OR_Mayurbhanj", "WB_Jhargram", "WB_Paschim Medinipur", "WB_Purba Medinipur"],
 "OR_Bargarh": ["CT_Mahasamund", "CT_Raigarh", "OR_Balangir", "OR_Jharsuguda", "OR_Nuapada", "OR_Sambalpur", "OR_Subarnapur"],
 "OR_Bhadrak": ["OR_Balasore", "OR_Jajpur", "OR_Kendrapara", "OR_Kendujhar"],
 "OR_Boudh": ["OR_Angul", "OR_Balangir", "OR_Kandhamal", "OR_Nayagarh", "OR_Subarnapur"],
 "OR_Cuttack": ["OR_Angul", "OR_Dhenkanal", "OR_Jagatsinghpur", "OR_Jajpur", "OR_Kendrapara", "OR_Khordha", "OR_Nayagarh", "OR_Puri"],
 "OR_Deogarh": ["OR_Angul", "OR_Sambalpur", "OR_Sundargarh"],
 "OR_Dhenkanal": ["OR_Angul", "OR_Cuttack", "OR_Jajpur", "OR_Kendujhar"],
 "OR_Gajapati": ["AP_Srikakulam", "OR_Ganjam", "OR_Kandhamal", "OR_Rayagada"],
 "OR_Ganjam": ["AP_Srikakulam", "OR_Gajapati", "OR_Kandhamal", "OR_Khordha", "OR_Nayagarh", "OR_Puri"],
 "OR_Jagatsinghpur": ["OR_Cuttack", "OR_Kendrapara", "OR_Puri"],
 "OR_Jajpur": ["OR_Bhadrak", "OR_Cuttack", "OR_Dhenkanal", "OR_Kendrapara", "OR_Kendujhar"],
 "OR_Jharsuguda": ["CT_Raigarh", "OR_Bargarh", "OR_Sambalpur", "OR_Sundargarh"],
 "OR_Kalahandi": ["CT_Gariaband", "OR_Balangir", "OR_Kandhamal", "OR_Koraput", "OR_Nabarangapur", "OR_Nuapada", "OR_Rayagada"],
 "OR_Kandhamal": ["OR_Balangir", "OR_Boudh", "OR_Gajapati", "OR_Ganjam", "OR_Kalahandi", "OR_Nayagarh", "OR_Rayagada"],
 "OR_Kendrapara": ["OR_Bhadrak", "OR_Cuttack", "OR_Jagatsinghpur", "OR_Jajpur"],
 "OR_Kendujhar": ["JH_West Singhbhum", "OR_Angul", "OR_Balasore", "OR_Bhadrak", "OR_Dhenkanal", "OR_Jajpur", "OR_Mayurbhanj", "OR_Sundargarh"],
 "OR_Khordha": ["OR_Cuttack", "OR_Ganjam", "OR_Nayagarh", "OR_Puri"],
 "OR_Koraput": ["AP_Visakhapatnam", "AP_Vizianagaram", "CT_Bastar", "OR_Kalahandi", "OR_Malkangiri", "OR_Nabarangapur", "OR_Rayagada"],
 "OR_Malkangiri": ["AP_East Godavari", "AP_Visakhapatnam", "CT_Bastar", "CT_Sukma", "OR_Koraput"],
 "OR_Mayurbhanj": ["JH_East Singhbhum", "JH_West Singhbhum", "OR_Balasore", "OR_Kendujhar", "WB_Jhargram"],
 "OR_Nabarangapur": ["CT_Bastar", "CT_Dhamtari", "CT_Gariaband", "CT_Kondagaon", "OR_Kalahandi", "OR_Koraput"],
 "OR_Nayagarh": ["OR_Angul", "OR_Boudh", "OR_Cuttack", "OR_Ganjam", "OR_Kandhamal", "OR_Khordha"],
 "OR_Nuapada": ["CT_Gariaband", "CT_Mahasamund", "OR_Balangir", "OR_Bargarh", "OR_Kalahandi"],
 "OR_Puri": ["OR_Cuttack", "OR_Ganjam", "OR_Jagatsinghpur", "OR_Khordha"],
 "OR_Rayagada": ["AP_Srikakulam", "AP_Vizianagaram", "OR_Gajapati", "OR_Kalahandi", "OR_Kandhamal", "OR_Koraput"],
 "OR_Sambalpur": ["OR_Angul", "OR_Bargarh", "OR_Deogarh", "OR_Jharsuguda", "OR_Subarnapur", "OR_Sundargarh"],
 "OR_Subarnapur": ["OR_Angul", "OR_Balangir", "OR_Bargarh", "OR_Boudh", "OR_Sambalpur"],
 "OR_Sundargarh": ["CT_Jashpur", "CT_Raigarh", "JH_Simdega", "JH_West Singhbhum", "OR_Angul", "OR_Deogarh", "OR_Jharsuguda", "OR_Kendujhar", "OR_Sambalpur"],
 "PB_Amritsar": ["PB_Gurdaspur", "PB_Kapurthala", "PB_Tarn Taran"],
 "PB_Barnala": ["PB_Bathinda", "PB_Ludhiana", "PB_Mansa", "PB_Moga", "PB_Sangrur"],
 "PB_Bathinda": ["HR_Sirsa", "PB_Barnala", "PB_Faridkot", "PB_Mansa", "PB_Moga", "PB_Sri Muktsar Sahib"],
 "PB_Faridkot": ["PB_Bathinda", "PB_Ferozepur", "PB_Moga", "PB_Sri Muktsar Sahib"],
 "PB_Fatehgarh Sahib": ["PB_Ludhiana", "PB_Patiala", "PB_Rupnagar", "PB_S.A.S. Nagar", "PB_Sangrur"],
 "PB_Fazilka": ["PB_Ferozepur", "PB_Sri Muktsar Sahib", "RJ_Ganganagar", "RJ_Hanumangarh"],
 "PB_Ferozepur": ["PB_Faridkot", "PB_Fazilka", "PB_Jalandhar", "PB_Kapurthala", "PB_Moga", "PB_Sri Muktsar Sahib", "PB_Tarn Taran"],
 "PB_Gurdaspur": ["HP_Kangra", "PB_Amritsar", "PB_Hoshiarpur", "PB_Kapurthala", "PB_Pathankot"],
 "PB_Hoshiarpur": ["HP_Kangra", "HP_Una", "PB_Gurdaspur", "PB_Jalandhar", "PB_Kapurthala", "PB_Rupnagar", "PB_Shahid Bhagat Singh Nagar"],
 "PB_Jalandhar": ["PB_Ferozepur", "PB_Hoshiarpur", "PB_Kapurthala", "PB_Ludhiana", "PB_Moga", "PB_Shahid Bhagat Singh Nagar"],
 "PB_Kapurthala": ["PB_Amritsar", "PB_Ferozepur", "PB_Gurdaspur", "PB_Hoshiarpur", "PB_Jalandhar", "PB_Shahid Bhagat Singh Nagar", "PB_Tarn Taran"],
 "PB_Ludhiana": ["PB_Barnala", "PB_Fatehgarh Sahib", "PB_Jalandhar", "PB_Moga", "PB_Rupnagar", "PB_Sangrur", "PB_Shahid Bhagat Singh Nagar"],
 "PB_Mansa": ["HR_Fatehabad", "HR_Sirsa", "PB_Barnala", "PB_Bathinda", "PB_Sangrur"],
 "PB_Moga": ["PB_Barnala", "PB_Bathinda", "PB_Faridkot", "PB_Ferozepur", "PB_Jalandhar", "PB_Ludhiana"],
 "PB_Pathankot": ["HP_Chamba", "HP_Kangra", "JK_Kathua", "PB_Gurdaspur"],
 "PB_Patiala": ["HR_Ambala", "HR_Jind", "HR_Kaithal", "HR_Kurukshetra", "PB_Fatehgarh Sahib", "PB_S.A.S. Nagar", "PB_Sangrur"],
 "PB_Rupnagar": ["HP_Bilaspur", "HP_Solan", "HP_Una", "PB_Fatehgarh Sahib", "PB_Hoshiarpur", "PB_Ludhiana", "PB_S.A.S. Nagar", "PB_Shahid Bhagat Singh Nagar"],
 "PB_S.A.S. Nagar": ["CH_Chandigarh", "HP_Solan", "HR_Ambala", "HR_Panchkula", "PB_Fatehgarh Sahib", "PB_Patiala", "PB_Rupnagar"],
 "PB_Sangrur": ["HR_Fatehabad", "HR_Jind", "PB_Barnala", "PB_Fatehgarh Sahib", "PB_Ludhiana", "PB_Mansa", "PB_Patiala"],
 "PB_Shahid Bhagat Singh Nagar": ["PB_Hoshiarpur", "PB_Jalandhar", "PB_Kapurthala", "PB_Ludhiana", "PB_Rupnagar"],
 "PB_Sri Muktsar Sahib": ["HR_Sirsa", "PB_Bathinda", "PB_Faridkot", "PB_Fazilka", "PB_Ferozepur", "RJ_Hanumangarh"],
 "PB_Tarn Taran": ["PB_Amritsar", "PB_Ferozepur", "PB_Kapurthala"],
 "PY_Karaikal": ["TN_Nagapattinam", "TN_Thiruvarur"],
 "PY_Mahe": ["KL_Kannur", "KL_Kozhikode"],
 "PY_Puducherry": ["TN_Cuddalore", "TN_Viluppuram"],
 "RJ_Ajmer": ["RJ_Bhilwara", "RJ_Jaipur", "RJ_Nagaur", "RJ_Pali", "RJ_Rajsamand", "RJ_Tonk"],
 "RJ_Alwar": ["HR_Mahendragarh", "HR_Nuh", "HR_Rewari", "RJ_Bharatpur", "RJ_Dausa", "RJ_Jaipur"],
 "RJ_Banswara": ["GJ_Dahod", "GJ_Mahisagar", "MP_Jhabua", "MP_Ratlam", "RJ_Dungarpur", "RJ_Pratapgarh"],
 "RJ_Baran": ["MP_Guna", "MP_Sheopur", "MP_Shivpuri", "RJ_Jhalawar", "RJ_Kota"],
 "RJ_Barmer": ["GJ_Kutch", "RJ_Jaisalmer", "RJ_Jalore", "RJ_Jodhpur", "RJ_Pali"],
 "RJ_Bharatpur": ["HR_Nuh", "RJ_Alwar", "RJ_Dausa", "RJ_Dholpur", "RJ_Karauli", "UP_Agra", "UP_Mathura"],
 "RJ_Bhilwara": ["MP_Neemuch", "RJ_Ajmer", "RJ_Bundi", "RJ_Chittorgarh", "RJ_Rajsamand", "RJ_Tonk"],
 "RJ_Bikaner": ["RJ_Churu", "RJ_Ganganagar", "RJ_Hanumangarh", "RJ_Jaisalmer", "RJ_Jodhpur", "RJ_Nagaur"],
 "RJ_Bundi": ["RJ_Bhilwara", "RJ_Chittorgarh", "RJ_Kota", "RJ_Sawai Madhopur", "RJ_Tonk"],
 "RJ_Chittorgarh": ["MP_Mandsaur", "MP_Neemuch", "RJ_Bhilwara", "RJ_Bundi", "RJ_Kota", "RJ_Pratapgarh", "RJ_Rajsamand", "RJ_Udaipur"],
 "RJ_Churu": ["HR_Bhiwani", "RJ_Bikaner", "RJ_Hanumangarh", "RJ_Jhunjhunu", "RJ_Nagaur", "RJ_Sikar"],
 "RJ_Dausa": ["RJ_Alwar", "RJ_Bharatpur", "RJ_Jaipur", "RJ_Karauli", "RJ_Sawai Madhopur", "RJ_Tonk"],
 "RJ_Dholpur": ["MP_Morena", "RJ_Bharatpur", "RJ_Karauli", "UP_Agra"],
 "RJ_Dungarpur": ["GJ_Aravalli", "GJ_Mahisagar", "RJ_Banswara", "RJ_Pratapgarh", "RJ_Udaipur"],
 "RJ_Ganganagar": ["PB_Fazilka", "RJ_Bikaner", "RJ_Hanumangarh"],
 "RJ_Hanumangarh": ["HR_Bhiwani", "HR_Fatehabad", "HR_Hisar", "HR_Sirsa", "PB_Fazilka", "PB_Sri Muktsar Sahib", "RJ_Bikaner", "RJ_Churu", "RJ_Ganganagar"],
 "RJ_Jaipur": ["HR_Mahendragarh", "RJ_Ajmer", "RJ_Alwar", "RJ_Dausa", "RJ_Nagaur", "RJ_Sikar", "RJ_Tonk"],
 "RJ_Jaisalmer": ["RJ_Barmer", "RJ_Bikaner", "RJ_Jodhpur"],
 "RJ_Jalore": ["GJ_Banaskantha", "GJ_Kutch", "RJ_Barmer", "RJ_Pali", "RJ_Sirohi"],
 "RJ_Jhalawar": ["MP_Agar Malwa", "MP_Guna", "MP_Mandsaur", "MP_Rajgarh", "MP_Ratlam", "RJ_Baran", "RJ_Kota"],
 "RJ_Jhunjhunu": ["HR_Bhiwani", "HR_Mahendragarh", "RJ_Churu", "RJ_Sikar"],
 "RJ_Jodhpur": ["RJ_Barmer", "RJ_Bikaner", "RJ_Jaisalmer", "RJ_Nagaur", "RJ_Pali"],
 "RJ_Karauli": ["MP_Morena", "MP_Sheopur", "RJ_Bharatpur", "RJ_Dausa", "RJ_Dholpur", "RJ_Sawai Madhopur"],
 "RJ_Kota": ["MP_Mandsaur", "MP_Sheopur", "RJ_Baran", "RJ_Bundi", "RJ_Chittorgarh", "RJ_Jhalawar", "RJ_Sawai Madhopur"],
 "RJ_Nagaur": ["RJ_Ajmer", "RJ_Bikaner", "RJ_Churu", "RJ_Jaipur", "RJ_Jodhpur", "RJ_Pali", "RJ_Sikar"],
 "RJ_Pali": ["RJ_Ajmer", "RJ_Barmer", "RJ_Jalore", "RJ_Jodhpur", "RJ_Nagaur", "RJ_Rajsamand", "RJ_Sirohi", "RJ_Udaipur"],
 "RJ_Pratapgarh": ["MP_Mandsaur", "MP_Neemuch", "MP_Ratlam", "RJ_Banswara", "RJ_Chittorgarh", "RJ_Dungarpur", "RJ_Udaipur"],
 "RJ_Rajsamand": ["RJ_Ajmer", "RJ_Bhilwara", "RJ_Chittorgarh", "RJ_Pali", "RJ_Udaipur"],
 "RJ_Sawai Madhopur": ["MP_Sheopur", "RJ_Bundi", "RJ_Dausa", "RJ_Karauli", "RJ_Kota", "RJ_Tonk"],
 "RJ_Sikar": ["HR_Mahendragarh", "RJ_Churu", "RJ_Jaipur", "RJ_Jhunjhunu", "RJ_Nagaur"],
 "RJ_Sirohi": ["GJ_Banaskantha", "GJ_Sabarkantha", "RJ_Jalore", "RJ_Pali", "RJ_Udaipur"],
 "RJ_Tonk": ["RJ_Ajmer", "RJ_Bhilwara", "RJ_Bundi", "RJ_Dausa", "RJ_Jaipur", "RJ_Sawai Madhopur"],
 "RJ_Udaipur": ["GJ_Aravalli", "GJ_Sabarkantha", "RJ_Chittorgarh", "RJ_Dungarpur", "RJ_Pali", "RJ_Pratapgarh", "RJ_Rajsamand", "RJ_Sirohi"],
 "SK_Sikkim": ["WB_Darjeeling", "WB_Kalimpong"],
 "TL_Telangana": ["AP_East Godavari", "AP_Guntur", "AP_Krishna", "AP_Kurnool", "AP_Prakasam", "AP_West Godavari", "CT_Bijapur", "CT_Sukma", "KA_Bidar", "KA_Kalaburagi", "KA_Raichur", "KA_Yadgir", "MH_Chandrapur", "MH_Gadchiroli", "MH_Nanded", "MH_Yavatmal"],
 "TN_Ariyalur": ["TN_Cuddalore", "TN_Perambalur", "TN_Thanjavur", "TN_Tiruchirappalli"],
 "TN_Chennai": ["TN_Kancheepuram", "TN_Thiruvallur"],
 "TN_Coimbatore": ["KL_Ernakulam", "KL_Idukki", "KL_Palakkad", "KL_Thrissur", "TN_Erode", "TN_Nilgiris", "TN_Tiruppur"],
 "TN_Cuddalore": ["PY_Puducherry", "TN_Ariyalur", "TN_Kallakurichi", "TN_Nagapattinam", "TN_Perambalur", "TN_Thanjavur", "TN_Viluppuram"],
 "TN_Dharmapuri": ["KA_Chamarajanagara", "TN_Erode", "TN_Kallakurichi", "TN_Krishnagiri", "TN_Salem", "TN_Tiruvannamalai"],
 "TN_Dindigul": ["KL_Idukki", "TN_Karur", "TN_Madurai", "TN_Theni", "TN_Tiruchirappalli", "TN_Tiruppur"],
 "TN_Erode": ["KA_Chamarajanagara", "TN_Coimbatore", "TN_Dharmapuri", "TN_Karur", "TN_Namakkal", "TN_Nilgiris", "TN_Salem", "TN_Tiruppur"],
 "TN_Kallakurichi": ["TN_Cuddalore", "TN_Dharmapuri", "TN_Perambalur", "TN_Salem", "TN_Tiruvannamalai", "TN_Viluppuram"],
 "TN_Kancheepuram": ["TN_Chennai", "TN_Thiruvallur", "TN_Tiruvannamalai", "TN_Vellore", "TN_Viluppuram"],
 "TN_Kanyakumari": ["KL_Thiruvananthapuram", "TN_Tirunelveli"],
 "TN_Karur": ["TN_Dindigul", "TN_Erode", "TN_Namakkal", "TN_Tiruchirappalli", "TN_Tiruppur"],
 "TN_Krishnagiri": ["AP_Chittoor", "KA_Bangalore Urban", "KA_Bengaluru Rural", "KA_Chamarajanagara", "KA_Kolar", "KA_Ramanagara", "TN_Dharmapuri", "TN_Tiruvannamalai", "TN_Vellore"],
 "TN_Madurai": ["TN_Dindigul", "TN_Sivaganga", "TN_Theni", "TN_Tiruchirappalli", "TN_Virudhunagar"],
 "TN_Nagapattinam": ["PY_Karaikal", "TN_Cuddalore", "TN_Thanjavur", "TN_Thiruvarur"],
 "TN_Namakkal": ["TN_Erode", "TN_Karur", "TN_Salem", "TN_Tiruchirappalli"],
 "TN_Nilgiris": ["KA_Chamarajanagara", "KL_Malappuram", "KL_Palakkad", "KL_Wayanad", "TN_Coimbatore", "TN_Erode"],
 "TN_Perambalur": ["TN_Ariyalur", "TN_Cuddalore", "TN_Kallakurichi", "TN_Salem", "TN_Tiruchirappalli"],
 "TN_Pudukkottai": ["TN_Ramanathapuram", "TN_Sivaganga", "TN_Thanjavur", "TN_Tiruchirappalli"],
 "TN_Ramanathapuram": ["TN_Pudukkottai", "TN_Sivaganga", "TN_Thoothukkudi", "TN_Virudhunagar"],
 "TN_Salem": ["KA_Chamarajanagara", "TN_Dharmapuri", "TN_Erode", "TN_Kallakurichi", "TN_Namakkal", "TN_Perambalur", "TN_Tiruchirappalli"],
 "TN_Sivaganga": ["TN_Madurai", "TN_Pudukkottai", "TN_Ramanathapuram", "TN_Tiruchirappalli", "TN_Virudhunagar"],
 "TN_Thanjavur": ["TN_Ariyalur", "TN_Cuddalore", "TN_Nagapattinam", "TN_Pudukkottai", "TN_Thiruvarur", "TN_Tiruchirappalli"],
 "TN_Theni": ["KL_Idukki", "TN_Dindigul", "TN_Madurai", "TN_Virudhunagar"],
 "TN_Thiruvallur": ["AP_Chittoor", "AP_S.P.S. Nellore", "TN_Chennai", "TN_Kancheepuram", "TN_Vellore"],
 "TN_Thiruvarur": ["PY_Karaikal", "TN_Nagapattinam", "TN_Thanjavur"],
 "TN_Thoothukkudi": ["TN_Ramanathapuram", "TN_Tirunelveli", "TN_Virudhunagar"],
 "TN_Tiruchirappalli": ["TN_Ariyalur", "TN_Dindigul", "TN_Karur", "TN_Madurai", "TN_Namakkal", "TN_Perambalur", "TN_Pudukkottai", "TN_Salem", "TN_Sivaganga", "TN_Thanjavur"],
 "TN_Tirunelveli": ["KL_Idukki", "KL_Kollam", "KL_Thiruvananthapuram", "TN_Kanyakumari", "TN_Thoothukkudi", "TN_Virudhunagar"],
 "TN_Tiruppur": ["KL_Idukki", "TN_Coimbatore", "TN_Dindigul", "TN_Erode", "TN_Karur"],
 "TN_Tiruvannamalai": ["TN_Dharmapuri", "TN_Kallakurichi", "TN_Kancheepuram", "TN_Krishnagiri", "TN_Vellore", "TN_Viluppuram"],
 "TN_Vellore": ["AP_Chittoor", "TN_Kancheepuram", "TN_Krishnagiri", "TN_Thiruvallur", "TN_Tiruvannamalai"],
 "TN_Viluppuram": ["PY_Puducherry", "TN_Cuddalore", "TN_Kallakurichi", "TN_Kancheepuram", "TN_Tiruvannamalai"],
 "TN_Virudhunagar": ["KL_Idukki", "TN_Madurai", "TN_Ramanathapuram", "TN_Sivaganga", "TN_Theni", "TN_Thoothukkudi", "TN_Tirunelveli"],
 "TR_Dhalai": ["TR_Gomati", "TR_Khowai", "TR_North Tripura", "TR_Unokoti"],
 "TR_Gomati": ["TR_Dhalai", "TR_Khowai", "TR_Sipahijala", "TR_South Tripura"],
 "TR_Khowai": ["TR_Dhalai", "TR_Gomati", "TR_Sipahijala", "TR_West Tripura"],
 "TR_North Tripura": ["AS_Assam", "MZ_Mamit", "TR_Dhalai", "TR_Unokoti"],
 "TR_Sipahijala": ["TR_Gomati", "TR_Khowai", "TR_South Tripura", "TR_West Tripura"],
 "TR_South Tripura": ["TR_Gomati", "TR_Sipahijala"],
 "TR_Unokoti": ["TR_Dhalai", "TR_North Tripura"],
 "TR_West Tripura": ["TR_Khowai", "TR_Sipahijala"],
 "UP_Agra": ["MP_Bhind", "MP_Morena", "RJ_Bharatpur", "RJ_Dholpur", "UP_Etah", "UP_Etawah", "UP_Firozabad", "UP_Hathras", "UP_Mathura"],
 "UP_Aligarh": ["HR_Palwal", "UP_Budaun", "UP_Bulandshahr", "UP_Gautam Buddha Nagar", "UP_Hathras", "UP_Kasganj", "UP_Mathura", "UP_Sambhal"],
 "UP_Ambedkar Nagar": ["UP_Ayodhya", "UP_Azamgarh", "UP_Basti", "UP_Gorakhpur", "UP_Sant Kabir Nagar", "UP_Sultanpur"],
 "UP_Amethi": ["UP_Ayodhya", "UP_Barabanki", "UP_Pratapgarh", "UP_Rae Bareli", "UP_Sultanpur"],
 "UP_Amroha": ["UP_Bijnor", "UP_Bulandshahr", "UP_Hapur", "UP_Meerut", "UP_Moradabad", "UP_Sambhal"],
 "UP_Auraiya": ["UP_Etawah", "UP_Jalaun", "UP_Kannauj", "UP_Kanpur Dehat"],
 "UP_Ayodhya": ["UP_Ambedkar Nagar", "UP_Amethi", "UP_Barabanki", "UP_Basti", "UP_Gonda", "UP_Sultanpur"],
 "UP_Azamgarh": ["UP_Ambedkar Nagar", "UP_Ghazipur", "UP_Gorakhpur", "UP_Jaunpur", "UP_Mau", "UP_Sultanpur"],
 "UP_Baghpat": ["DL_Delhi", "HR_Panipat", "HR_Sonipat", "UP_Ghaziabad", "UP_Meerut", "UP_Muzaffarnagar", "UP_Shamli"],
 "UP_Bahraich": ["UP_Barabanki", "UP_Gonda", "UP_Shrawasti", "UP_Sitapur"],
 "UP_Ballia": ["BR_Bhojpur", "BR_Buxar", "BR_Saran", "BR_Siwan", "UP_Deoria", "UP_Ghazipur", "UP_Mau"],
 "UP_Balrampur": ["UP_Gonda", "UP_Shrawasti", "UP_Siddharthnagar"],
 "UP_Banda": ["MP_Chhatarpur", "MP_Panna", "MP_Satna", "UP_Chitrakoot", "UP_Fatehpur", "UP_Hamirpur", "UP_Mahoba"],
 "UP_Barabanki": ["UP_Amethi", "UP_Ayodhya", "UP_Bahraich", "UP_Gonda", "UP_Lucknow", "UP_Rae Bareli", "UP_Sitapur"],
 "UP_Bareilly": ["UP_Budaun", "UP_Pilibhit", "UP_Rampur", "UP_Shahjahanpur", "UT_Udham Singh Nagar"],
 "UP_Basti": ["UP_Ambedkar Nagar", "UP_Ayodhya", "UP_Gonda", "UP_Sant Kabir Nagar", "UP_Siddharthnagar"],
 "UP_Bhadohi": ["UP_Jaunpur", "UP_Mirzapur", "UP_Prayagraj", "UP_Varanasi"],
 "UP_Bijnor": ["UP_Amroha", "UP_Meerut", "UP_Moradabad", "UP_Muzaffarnagar", "UT_Haridwar", "UT_Nainital", "UT_Pauri Garhwal", "UT_Udham Singh Nagar"],
 "UP_Budaun": ["UP_Aligarh", "UP_Bareilly", "UP_Farrukhabad", "UP_Kasganj", "UP_Moradabad", "UP_Rampur", "UP_Sambhal", "UP_Shahjahanpur"],
 "UP_Bulandshahr": ["UP_Aligarh", "UP_Amroha", "UP_Gautam Buddha Nagar", "UP_Hapur", "UP_Sambhal"],
 "UP_Chandauli": ["BR_Kaimur", "UP_Ghazipur", "UP_Mirzapur", "UP_Sonbhadra", "UP_Varanasi"],
 "UP_Chitrakoot": ["MP_Rewa", "MP_Satna", "UP_Banda", "UP_Fatehpur", "UP_Kaushambi", "UP_Prayagraj"],
 "UP_Deoria": ["BR_Gopalganj", "BR_Siwan", "UP_Ballia", "UP_Gorakhpur", "UP_Kushinagar", "UP_Mau"],
 "UP_Etah": ["UP_Agra", "UP_Farrukhabad", "UP_Firozabad", "UP_Hathras", "UP_Kasganj", "UP_Mainpuri"],
 "UP_Etawah": ["MP_Bhind", "UP_Agra", "UP_Auraiya", "UP_Firozabad", "UP_Jalaun", "UP_Kannauj", "UP_Mainpuri"],
 "UP_Farrukhabad": ["UP_Budaun", "UP_Etah", "UP_Hardoi", "UP_Kannauj", "UP_Kasganj", "UP_Mainpuri", "UP_Shahjahanpur"],
 "UP_Fatehpur": ["UP_Banda", "UP_Chitrakoot", "UP_Hamirpur", "UP_Kanpur Nagar", "UP_Kaushambi", "UP_Pratapgarh", "UP_Rae Bareli", "UP_Unnao"],
 "UP_Firozabad": ["UP_Agra", "UP_Etah", "UP_Etawah", "UP_Mainpuri"],
 "UP_Gautam Buddha Nagar": ["DL_Delhi", "HR_Faridabad", "HR_Palwal", "UP_Aligarh", "UP_Bulandshahr", "UP_Ghaziabad", "UP_Hapur"],
 "UP_Ghaziabad": ["DL_Delhi", "UP_Baghpat", "UP_Gautam Buddha Nagar", "UP_Hapur", "UP_Meerut"],
 "UP_Ghazipur": ["BR_Buxar", "BR_Kaimur", "UP_Azamgarh", "UP_Ballia", "UP_Chandauli", "UP_Jaunpur", "UP_Mau", "UP_Varanasi"],
 "UP_Gonda": ["UP_Ayodhya", "UP_Bahraich", "UP_Balrampur", "UP_Barabanki", "UP_Basti", "UP_Shrawasti", "UP_Siddharthnagar"],
 "UP_Gorakhpur": ["UP_Ambedkar Nagar", "UP_Azamgarh", "UP_Deoria", "UP_Kushinagar", "UP_Maharajganj", "UP_Mau", "UP_Sant Kabir Nagar", "UP_Siddharthnagar"],
 "UP_Hamirpur": ["UP_Banda", "UP_Fatehpur", "UP_Jalaun", "UP_Jhansi", "UP_Kanpur Dehat", "UP_Kanpur Nagar", "UP_Mahoba"],
 "UP_Hapur": ["UP_Amroha", "UP_Bulandshahr", "UP_Gautam Buddha Nagar", "UP_Ghaziabad", "UP_Meerut"],
 "UP_Hardoi": ["UP_Farrukhabad", "UP_Kannauj", "UP_Kanpur Nagar", "UP_Lucknow", "UP_Shahjahanpur", "UP_Sitapur", "UP_Unnao"],
 "UP_Hathras": ["UP_Agra", "UP_Aligarh", "UP_Etah", "UP_Kasganj", "UP_Mathura"],
 "UP_Jalaun": ["MP_Bhind", "UP_Auraiya", "UP_Etawah", "UP_Hamirpur", "UP_Jhansi", "UP_Kanpur Dehat"],
 "UP_Jaunpur": ["UP_Azamgarh", "UP_Bhadohi", "UP_Ghazipur", "UP_Pratapgarh", "UP_Prayagraj", "UP_Sultanpur", "UP_Varanasi"],
 "UP_Jhansi": ["MP_Bhind", "MP_Chhatarpur", "MP_Datia", "MP_Shivpuri", "MP_Tikamgarh", "UP_Hamirpur", "UP_Jalaun", "UP_Lalitpur", "UP_Mahoba"],
 "UP_Kannauj": ["UP_Auraiya", "UP_Etawah", "UP_Farrukhabad", "UP_Hardoi", "UP_Kanpur Dehat", "UP_Kanpur Nagar", "UP_Mainpuri"],
 "UP_Kanpur Dehat": ["UP_Auraiya", "UP_Hamirpur", "UP_Jalaun", "UP_Kannauj", "UP_Kanpur Nagar"],
 "UP_Kanpur Nagar": ["UP_Fatehpur", "UP_Hamirpur", "UP_Hardoi", "UP_Kannauj", "UP_Kanpur Dehat", "UP_Unnao"],
 "UP_Kasganj": ["UP_Aligarh", "UP_Budaun", "UP_Etah", "UP_Farrukhabad", "UP_Hathras"],
 "UP_Kaushambi": ["UP_Chitrakoot", "UP_Fatehpur", "UP_Pratapgarh", "UP_Prayagraj", "UP_Rae Bareli"],
 "UP_Kushinagar": ["BR_Gopalganj", "BR_West Champaran", "UP_Deoria", "UP_Gorakhpur", "UP_Maharajganj"],
 "UP_Lalitpur": ["MP_Ashoknagar", "MP_Chhatarpur", "MP_Datia", "MP_Sagar", "MP_Shivpuri", "MP_Tikamgarh", "UP_Jhansi"],
 "UP_Lucknow": ["UP_Barabanki", "UP_Hardoi", "UP_Rae Bareli", "UP_Sitapur", "UP_Unnao"],
 "UP_Maharajganj": ["BR_West Champaran", "UP_Gorakhpur", "UP_Kushinagar", "UP_Siddharthnagar"],
 "UP_Mahoba": ["MP_Chhatarpur", "UP_Banda", "UP_Hamirpur", "UP_Jhansi"],
 "UP_Mainpuri": ["UP_Etah", "UP_Etawah", "UP_Farrukhabad", "UP_Firozabad", "UP_Kannauj"],
 "UP_Mathura": ["HR_Nuh", "HR_Palwal", "RJ_Bharatpur", "UP_Agra", "UP_Aligarh", "UP_Hathras"],
 "UP_Mau": ["UP_Azamgarh", "UP_Ballia", "UP_Deoria", "UP_Ghazipur", "UP_Gorakhpur"],
 "UP_Meerut": ["UP_Amroha", "UP_Baghpat", "UP_Bijnor", "UP_Ghaziabad", "UP_Hapur", "UP_Muzaffarnagar"],
 "UP_Mirzapur": ["MP_Rewa", "MP_Singrauli", "UP_Bhadohi", "UP_Chandauli", "UP_Prayagraj", "UP_Sonbhadra", "UP_Varanasi"],
 "UP_Moradabad": ["UP_Amroha", "UP_Bijnor", "UP_Budaun", "UP_Rampur", "UP_Sambhal", "UT_Udham Singh Nagar"],
 "UP_Muzaffarnagar": ["UP_Baghpat", "UP_Bijnor", "UP_Meerut", "UP_Saharanpur", "UP_Shamli", "UT_Haridwar"],
 "UP_Pilibhit": ["UP_Bareilly", "UP_Shahjahanpur", "UT_Udham Singh Nagar"],
 "UP_Pratapgarh": ["UP_Amethi", "UP_Fatehpur", "UP_Jaunpur", "UP_Kaushambi", "UP_Prayagraj", "UP_Rae Bareli", "UP_Sultanpur"],
 "UP_Prayagraj": ["MP_Rewa", "UP_Bhadohi", "UP_Chitrakoot", "UP_Jaunpur", "UP_Kaushambi", "UP_Mirzapur", "UP_Pratapgarh"],
 "UP_Rae Bareli": ["UP_Amethi", "UP_Barabanki", "UP_Fatehpur", "UP_Kaushambi", "UP_Lucknow", "UP_Pratapgarh", "UP_Unnao"],
 "UP_Rampur": ["UP_Bareilly", "UP_Budaun", "UP_Moradabad", "UT_Udham Singh Nagar"],
 "UP_Saharanpur": ["HP_Sirmaur", "HR_Karnal", "HR_Yamunanagar", "UP_Muzaffarnagar", "UP_Shamli", "UT_Dehradun", "UT_Haridwar"],
 "UP_Sambhal": ["UP_Aligarh", "UP_Amroha", "UP_Budaun", "UP_Bulandshahr", "UP_Moradabad"],
 "UP_Sant Kabir Nagar": ["UP_Ambedkar Nagar", "UP_Basti", "UP_Gorakhpur", "UP_Siddharthnagar"],
 "UP_Shahjahanpur": ["UP_Bareilly", "UP_Budaun", "UP_Farrukhabad", "UP_Hardoi", "UP_Pilibhit"],
 "UP_Shamli": ["HR_Karnal", "HR_Panipat", "UP_Baghpat", "UP_Muzaffarnagar", "UP_Saharanpur"],
 "UP_Shrawasti": ["UP_Bahraich", "UP_Balrampur", "UP_Gonda"],
 "UP_Siddharthnagar": ["UP_Balrampur", "UP_Basti", "UP_Gonda", "UP_Gorakhpur", "UP_Maharajganj", "UP_Sant Kabir Nagar"],
 "UP_Sitapur": ["UP_Bahraich", "UP_Barabanki", "UP_Hardoi", "UP_Lucknow"],
 "UP_Sonbhadra": ["BR_Kaimur", "BR_Rohtas", "CT_Balrampur", "JH_Garhwa", "MP_Singrauli", "UP_Chandauli", "UP_Mirzapur"],
 "UP_Sultanpur": ["UP_Ambedkar Nagar", "UP_Amethi", "UP_Ayodhya", "UP_Azamgarh", "UP_Jaunpur", "UP_Pratapgarh"],
 "UP_Unnao": ["UP_Fatehpur", "UP_Hardoi", "UP_Kanpur Nagar", "UP_Lucknow", "UP_Rae Bareli"],
 "UP_Varanasi": ["UP_Bhadohi", "UP_Chandauli", "UP_Ghazipur", "UP_Jaunpur", "UP_Mirzapur"],
 "UT_Almora": ["UT_Bageshwar", "UT_Chamoli", "UT_Champawat", "UT_Nainital", "UT_Pauri Garhwal", "UT_Pithoragarh"],
 "UT_Bageshwar": ["UT_Almora", "UT_Chamoli", "UT_Pithoragarh"],
 "UT_Chamoli": ["UT_Almora", "UT_Bageshwar", "UT_Pauri Garhwal", "UT_Pithoragarh", "UT_Rudraprayag", "UT_Uttarkashi"],
 "UT_Champawat": ["UT_Almora", "UT_Nainital", "UT_Pithoragarh", "UT_Udham Singh Nagar"],
 "UT_Dehradun": ["HP_Shimla", "HP_Sirmaur", "UP_Saharanpur", "UT_Haridwar", "UT_Pauri Garhwal", "UT_Tehri Garhwal", "UT_Uttarkashi"],
 "UT_Haridwar": ["UP_Bijnor", "UP_Muzaffarnagar", "UP_Saharanpur", "UT_Dehradun", "UT_Pauri Garhwal"],
 "UT_Nainital": ["UP_Bijnor", "UT_Almora", "UT_Champawat", "UT_Pauri Garhwal", "UT_Udham Singh Nagar"],
 "UT_Pauri Garhwal": ["UP_Bijnor", "UT_Almora", "UT_Chamoli", "UT_Dehradun", "UT_Haridwar", "UT_Nainital", "UT_Rudraprayag", "UT_Tehri Garhwal"],
 "UT_Pithoragarh": ["UT_Almora", "UT_Bageshwar", "UT_Chamoli", "UT_Champawat"],
 "UT_Rudraprayag": ["UT_Chamoli", "UT_Pauri Garhwal", "UT_Tehri Garhwal", "UT_Uttarkashi"],
 "UT_Tehri Garhwal": ["UT_Dehradun", "UT_Pauri Garhwal", "UT_Rudraprayag", "UT_Uttarkashi"],
 "UT_Udham Singh Nagar": ["UP_Bareilly", "UP_Bijnor", "UP_Moradabad", "UP_Pilibhit", "UP_Rampur", "UT_Champawat", "UT_Nainital"],
 "UT_Uttarkashi": ["HP_Kinnaur", "HP_Shimla", "UT_Chamoli", "UT_Dehradun", "UT_Rudraprayag", "UT_Tehri Garhwal"],
 "WB_Alipurduar": ["AS_Assam", "WB_Cooch Behar", "WB_Jalpaiguri"],
 "WB_Bankura": ["WB_Hooghly", "WB_Jhargram", "WB_Paschim Bardhaman", "WB_Paschim Medinipur", "WB_Purba Bardhaman", "WB_Purulia"],
 "WB_Birbhum": ["JH_Dumka", "JH_Jamtara", "JH_Pakur", "WB_Murshidabad", "WB_Paschim Bardhaman", "WB_Purba Bardhaman"],
 "WB_Cooch Behar": ["AS_Assam", "WB_Alipurduar", "WB_Jalpaiguri"],
 "WB_Dakshin Dinajpur": ["WB_Malda", "WB_Uttar Dinajpur"],
 "WB_Darjeeling": ["BR_Kishanganj", "SK_Sikkim", "WB_Jalpaiguri", "WB_Kalimpong", "WB_Uttar Dinajpur"],
 "WB_Hooghly": ["WB_Bankura", "WB_Howrah", "WB_Nadia", "WB_North 24 Parganas", "WB_Paschim Medinipur", "WB_Purba Bardhaman"],
 "WB_Howrah": ["WB_Hooghly", "WB_Kolkata", "WB_North 24 Parganas", "WB_Paschim Medinipur", "WB_Purba Medinipur", "WB_South 24 Parganas"],
 "WB_Jalpaiguri": ["WB_Alipurduar", "WB_Cooch Behar", "WB_Darjeeling", "WB_Kalimpong"],
 "WB_Jhargram": ["JH_East Singhbhum", "OR_Balasore", "OR_Mayurbhanj", "WB_Bankura", "WB_Paschim Medinipur", "WB_Purulia"],
 "WB_Kalimpong": ["SK_Sikkim", "WB_Darjeeling", "WB_Jalpaiguri"],
 "WB_Kolkata": ["WB_Howrah", "WB_North 24 Parganas", "WB_South 24 Parganas"],
 "WB_Malda": ["BR_Katihar", "JH_Sahibganj", "WB_Dakshin Dinajpur", "WB_Murshidabad", "WB_Uttar Dinajpur"],
 "WB_Murshidabad": ["JH_Pakur", "JH_Sahibganj", "WB_Birbhum", "WB_Malda", "WB_Nadia", "WB_Purba Bardhaman"],
 "WB_Nadia": ["WB_Hooghly", "WB_Murshidabad", "WB_North 24 Parganas", "WB_Purba Bardhaman"],
 "WB_North 24 Parganas": ["WB_Hooghly", "WB_Howrah", "WB_Kolkata", "WB_Nadia", "WB_South 24 Parganas"],
 "WB_Paschim Bardhaman": ["JH_Dhanbad", "JH_Jamtara", "WB_Bankura", "WB_Birbhum", "WB_Purba Bardhaman", "WB_Purulia"],
 "WB_Paschim Medinipur": ["OR_Balasore", "WB_Bankura", "WB_Hooghly", "WB_Howrah", "WB_Jhargram", "WB_Purba Medinipur"],
 "WB_Purba Bardhaman": ["WB_Bankura", "WB_Birbhum", "WB_Hooghly", "WB_Murshidabad", "WB_Nadia", "WB_Paschim Bardhaman"],
 "WB_Purba Medinipur": ["OR_Balasore", "WB_Howrah", "WB_Paschim Medinipur", "WB_South 24 Parganas"],
 "WB_Purulia": ["JH_Bokaro", "JH_Dhanbad", "JH_East Singhbhum", "JH_Ramgarh", "JH_Ranchi", "WB_Bankura", "WB_Jhargram", "WB_Paschim Bardhaman"],
 "WB_South 24 Parganas": ["WB_Howrah", "WB_Kolkata", "WB_North 24 Parganas", "WB_Purba Medinipur"],
 "WB_Uttar Dinajpur": ["BR_Katihar", "BR_Kishanganj", "BR_Purnia", "WB_Dakshin Dinajpur", "WB_Darjeeling", "WB_Malda"]
}