districtid,vaccinateddose1ratio,vaccinateddose2ratio
TN_Kancheepuram,0.07672427850970874,0.011719621474584394
PB_Ferozepur,0.08936342390666875,0.022881373473811206
AR_Kurung Kumey,0.0934228246231374,0.0309201094747817
TN_Vellore,0.10285491743453486,0.03073750657655568
WB_Purba Bardhaman,0.12141449315023409,0.05930395385175346
TN_Tirunelveli,0.1215985269883691,0.023516581292349327
ML_East Garo Hills,0.12243132641538515,0.03253050324455754
TN_Viluppuram,0.12608066268984147,0.020357787059542228
WB_Jalpaiguri,0.12965297354968414,0.03967805587931975
UP_Sultanpur,0.1320931116950044,0.02805812936498928
CT_Surguja,0.14159582284906982,0.043020722187427696
UP_Moradabad,0.14201239478743322,0.03218332080890091
HR_Nuh,0.14262671182258096,0.022719949176645125
UP_Budaun,0.14541339570699444,0.026255222852573784
UP_Rae Bareli,0.14634660565269902,0.023875081888171664
WB_Paschim Medinipur,0.16033717671406084,0.06429707698897616
UP_Ballia,0.16473618221517922,0.03631210078233852
WB_Murshidabad,0.16499941510235286,0.06954848294724224
UP_Muzaffarnagar,0.1681730377515499,0.030053008172777104
UP_Rampur,0.17159505937746033,0.03390331185763965
UP_Sitapur,0.17164905735781866,0.026886533249836305
NL_Kiphire,0.17231500999945948,0.04960542673369007
WB_Cooch Behar,0.17548205340312428,0.0745794913670601
ML_West Khasi Hills,0.17552502079742138,0.05771382226614962
PB_Mansa,0.17595170386267767,0.040240285494919786
NL_Tuensang,0.17679912104010254,0.0483021017721622
WB_Malda,0.17784371165086635,0.06746815180835555
NL_Phek,0.17949675066394155,0.058818490007220746
WB_Uttar Dinajpur,0.17990418784131335,0.05754815049811548
PB_Sangrur,0.1810074983279653,0.04864337116028635
UP_Sant Kabir Nagar,0.18200157067788103,0.03138207409938182
CT_Durg,0.1830677131182055,0.07735074787551677
UP_Lakhimpur Kheri,0.18347809371380938,0.023890125515916346
NL_Peren,0.18439597139226416,0.059872504437139644
UP_Sonbhadra,0.18467656595039406,0.0406064989082225
UP_Kaushambi,0.18544995111265594,0.0337303919239608
CT_Bastar,0.19086271643271754,0.0501592486266973
MH_Solapur,0.19099851867497838,0.06979296653168915
AR_Lohit,0.1922169002099831,0.04604531792542168
WB_Nadia,0.19256637510643237,0.08249322702995587
ML_West Jaintia Hills,0.19310393699193165,0.054294348103380206
UP_Prayagraj,0.19376372831411307,0.046812679919743264
TN_Thiruvallur,0.19421239321649825,0.04440782767862699
UP_Unnao,0.194641108981018,0.035623528367145836
UP_Etah,0.19558405842838467,0.030155876651187952
UP_Kushinagar,0.1958497356183568,0.038984229118787704
NL_Wokha,0.19619701460235778,0.07234449300541652
MH_Jalgaon,0.19665421330962285,0.0642551615078972
UP_Mau,0.19680158551710633,0.04133650170809368
WB_Purulia,0.1981714028288992,0.07049791561082074
UP_Maharajganj,0.19840630416101893,0.03613360584019908
BR_Kishanganj,0.19905702792238522,0.029917179365830573
UP_Kasganj,0.19960549000883263,0.02993000022969001
UP_Mainpuri,0.20028749888281103,0.030619273235791365
MH_Nanded,0.20119852723298065,0.06703315272817714
UP_Farrukhabad,0.20120528070171717,0.03499939529090751
BR_Araria,0.20171050399261053,0.03703554847844744
UP_Deoria,0.20318283517352448,0.04343126258890029
UP_Shahjahanpur,0.2035690219115807,0.03487266749996175
BR_Katihar,0.20391308580934925,0.02933674673863386
UP_Hardoi,0.2045738355593725,0.02524356529504538
BR_Supaul,0.20516841956039183,0.03545460091984302
BR_West Champaran,0.20628674357224142,0.025034040297409785
BR_Madhepura,0.2066014840925145,0.03513854294366663
MH_Hingoli,0.20781928831396065,0.05015607149985773
BR_Gopalganj,0.20904507863351146,0.03299828416104218
CT_Dakshin Bastar Dantewada,0.20933291857026673,0.06661257256792058
UP_Ambedkar Nagar,0.2094551538687378,0.033536595537406254
BR_Sitamarhi,0.21111096181943198,0.03546848994647114
BR_Kaimur,0.21117645033399246,0.02812373953506675
BR_Madhubani,0.21138976672128654,0.04163343457283194
UP_Aligarh,0.21224348367628962,0.042338513765658135
UP_Chandauli,0.21285557437795607,0.031028966240533893
BR_Aurangabad,0.21316513344301521,0.028094861840584896
UP_Jaunpur,0.21332631985552947,0.040835930011187745
UP_Amroha,0.21333415932108155,0.036994469685977936
PB_Bathinda,0.21562233305125944,0.06223870654111377
UP_Firozabad,0.21635878624073115,0.034875324039011175
BR_Gaya,0.21770621698959197,0.046096272320239155
BR_Bhojpur,0.2184718042432819,0.03648685844890443
BR_Jamui,0.21876045569059394,0.03390981052655497
UP_Kanpur Dehat,0.21896531758439003,0.032718251582243243
UP_Auraiya,0.21901279044902486,0.03708106658354748
BR_Nawada,0.21960069323965165,0.03811511275058063
BR_Khagaria,0.22003004404620352,0.03406111755692951
UP_Fatehpur,0.22017880278782542,0.037711761883943415
ML_South Garo Hills,0.2207624320260795,0.06545168406705355
BR_Lakhisarai,0.2208335997570216,0.03389908403535975
TN_Cuddalore,0.2219996515617937,0.044093166543485315
JH_Garhwa,0.2223288155889397,0.045232630573094325
BR_Muzaffarpur,0.22238829658937959,0.04050874577333098
MH_Ahmednagar,0.2227192576795133,0.08761128545137865
UP_Azamgarh,0.22326212046044214,0.034938890265161046
BR_Saharsa,0.22405257960256983,0.04076423938829702
MH_Osmanabad,0.2243124900457053,0.0755175026665444
BR_Vaishali,0.22486874900036366,0.03924382714724747
JH_Dhanbad,0.22521062683484777,0.0756967718599494
BR_Samastipur,0.22624194955563284,0.041326826804982016
UP_Ayodhya,0.22650663942798774,0.04439060200825902
JH_Bokaro,0.22699907386305782,0.07015366115025239
WB_Bankura,0.22706394852577688,0.08517007657630356
PB_Gurdaspur,0.22718695326984067,0.08160167217575598
BR_Rohtas,0.22744785497436076,0.03717873265408028
PB_Tarn Taran,0.22936567267491764,0.05350263971840622
JH_Sahibganj,0.22937647264348796,0.03793434019922352
UP_Etawah,0.22998337347721914,0.040370840998602865
UP_Banda,0.23058280214070168,0.028249259479496056
BR_East Champaran,0.2319078176504514,0.040752869324471586
UP_Kannauj,0.23203928973280472,0.02482953200983209
UP_Ghazipur,0.23268498354265485,0.0319677990690192
UP_Pilibhit,0.23286625796956878,0.04344101226632897
UP_Barabanki,0.23296998588339493,0.030480274321548845
JH_Latehar,0.2343839841095604,0.047638305423272784
UP_Bijnor,0.2344374921423418,0.04149495222679584
JH_Giridih,0.2357174928050758,0.040145591406819295
MH_Beed,0.2363769506883622,0.07373593305194602
WB_Dakshin Dinajpur,0.23663585232980727,0.10717328172687553
UP_Lalitpur,0.23729936017917602,0.028123137676081704
MH_Akola,0.2377383392524199,0.09215196377320545
PB_Moga,0.23839412862316295,0.054474735524923025
MH_Amravati,0.23955623181331132,0.08718670426475145
BR_Banka,0.2396456000035385,0.03820690665202778
BR_Begusarai,0.24033534632243755,0.03788165186072167
UP_Bareilly,0.24078542221974442,0.05046130494413783
BR_Buxar,0.24163185556086902,0.044417564488452556
MH_Yavatmal,0.24188629998831315,0.07811176663247182
UP_Bhadohi,0.24218340616887582,0.0410578293297546
MH_Parbhani,0.24489430233660078,0.08042379278530526
TN_Thanjavur,0.24521195898399345,0.0427230671393954
Delhi,0.2457419286855964,0.0972424492080357
TN_Ariyalur,0.24621734972062304,0.045658065900643
UP_Kanpur Nagar,0.24676203182175765,0.0634320017951362
TN_Tiruvannamalai,0.24693057457274709,0.031051878898524267
UP_Hathras,0.2472761690999215,0.04371550474593343
TN_Nagapattinam,0.2473222184416468,0.03649726251971914
BR_Darbhanga,0.24822159885304587,0.04714118634575994
TN_Thoothukkudi,0.2483641645183113,0.046275917393450716
JH_West Singhbhum,0.24862181479800152,0.055813006127782165
CT_Narayanpur,0.24902016878844227,0.08711915319696753
UP_Jalaun,0.25027840665004314,0.03919350238524379
MH_Latur,0.2506474625498534,0.08273137108853572
BR_Jehanabad,0.25145092965246113,0.04728639942842569
WB_South 24 Parganas,0.2534488954308897,0.09719000127542879
HR_Jind,0.25363901564439434,0.06092409260713922
BR_Purnia,0.25411847446823044,0.05001257420850641
JH_Chatra,0.2542674846531644,0.042947167763302985
MH_Nashik,0.2544819734519346,0.08977471952307994
MH_Buldhana,0.25458944931248156,0.08868063433733216
UP_Balrampur,0.25581838025006226,0.051246238943716216
JH_Deoghar,0.2571784356395431,0.052455208290747166
BR_Sheohar,0.25788804807953114,0.057963019965074074
HR_Bhiwani,0.2579224140304507,0.06325572289064484
NL_Mon,0.2585551026931991,0.07249260768800447
TN_Theni,0.25882756146364994,0.04216954985917799
TN_Madurai,0.25907363839470854,0.06215415969445589
NL_Zunheboto,0.2590777012866145,0.057979354490362824
MH_Nandurbar,0.25912473191995367,0.06583166241479832
AR_Tirap,0.2593168117883456,0.05030587184639428
MH_Ratnagiri,0.2594675521603102,0.08423726788143417
AR_East Kameng,0.2595120091498284,0.07857415173465497
WB_Hooghly,0.2601634854674048,0.11620622397128541
MH_Dhule,0.26051923532641397,0.08245410954028111
TN_Thiruvarur,0.2611698227524506,0.035999231181141476
JH_Pakur,0.26147961733498293,0.04406489401636122
BR_Saran,0.2616690562575313,0.0538938353616599
BR_Sheikhpura,0.2617051836905312,0.04692130961024103
MH_Thane,0.2620880841739188,0.09624382964857252
OR_Mayurbhanj,0.2626086521693922,0.06398562072723434
UP_Chitrakoot,0.26264608310729737,0.024525828602543032
JH_Palamu,0.26291930022078813,0.05715643685217919
UP_Agra,0.2636276343991362,0.051932007738757856
MH_Chandrapur,0.26387658343415865,0.07668396462017314
TN_Dindigul,0.2654758018775104,0.052321190864789154
MH_Gadchiroli,0.26748882977831046,0.06464002714033004
BR_Nalanda,0.2675034133719389,0.05901788714622646
MH_Jalna,0.26752919533283037,0.08057799561623362
PB_Barnala,0.2688475921326825,0.08292151321434628
UP_Bahraich,0.26915063116966303,0.03736039275964804
WB_Howrah,0.269389110869234,0.09470974297267089
TN_Pudukkottai,0.2703403785966528,0.03990372880937006
UP_Basti,0.27054970167955383,0.041045842016763076
UP_Saharanpur,0.2712698715836858,0.05632529825045249
TN_Sivaganga,0.2715344100258308,0.042568857763529415
JH_Gumla,0.27170548949340284,0.06058058179129605
PB_Faridkot,0.27216975326635445,0.08976725807600873
JH_Dumka,0.2726203647227801,0.054519986499596655
BR_Siwan,0.27289590879829356,0.054362094891282416
MP_Shajapur,0.27537200506914544,0.05070137061283906
CT_Koriya,0.2762457183529944,0.07243400913923909
AR_Upper Subansiri,0.27680711341194514,0.08708417217908158
PB_Sri Muktsar Sahib,0.27734461623069623,0.060159929747997554
CT_Janjgir Champa,0.2776817041600734,0.08132273306221434
TN_Dharmapuri,0.278393966723806,0.045558163657394964
UP_Gorakhpur,0.2789223793852365,0.05749269009963082
UP_Mathura,0.27932650330718156,0.056922075515549724
BR_Munger,0.2793352659265298,0.047121398778298906
OR_Nabarangapur,0.27937844916974214,0.04819132050066096
GJ_Junagadh,0.28035800606762756,0.0955250335206895
UP_Mirzapur,0.28054602177839544,0.04253355066340404
UP_Jhansi,0.28097576156945625,0.05944702374608664
UP_Siddharthnagar,0.2832293399320204,0.04014657149990798
JH_Ranchi,0.28324342464432567,0.09035763195577048
GJ_Panchmahal,0.2845398314187527,0.09327724554705251
CT_Raipur,0.28458524284229425,0.09719499039339821
OR_Jagatsinghpur,0.28476891670939714,0.10470979470892397
PB_Kapurthala,0.2854577215984926,0.0970069973306116
JH_Hazaribagh,0.2865410393226847,0.0652570344682458
JH_Ramgarh,0.2871114958981213,0.07545266013862865
HR_Hisar,0.2871873944553999,0.06898782119246691
MP_Sheopur,0.2875769959337715,0.04072189003301539
JH_Khunti,0.2880021057183414,0.08459347415324742
GJ_Sabarkantha,0.2887285580227861,0.08881123977750044
WB_Birbhum,0.28907773061017517,0.10263578958909367
UP_Shrawasti,0.2891858584647218,0.03164599444584158
OR_Bargarh,0.28955919136137936,0.07395013012614303
JH_Godda,0.2902513872700794,0.04957325600604773
UP_Gonda,0.29053247907128854,0.03790479624009768
TN_Karur,0.2905871621513716,0.05080822513628554
TN_Tiruchirappalli,0.2913973162300857,0.06636949039228003
KA_Kalaburagi,0.2915529827465412,0.0717274422657137
OR_Malkangiri,0.29194281725788984,0.059886626048611204
UP_Ghaziabad,0.2921406898643532,0.06788660823278997
KA_Haveri,0.29228162546912123,0.07262960765315447
TN_Ramanathapuram,0.2924322746768432,0.04723354107481279
UP_Bulandshahr,0.29271133076948797,0.04745323963876015
OR_Kalahandi,0.29271740391877826,0.07846878846625814
AR_West Siang,0.29300639506920567,0.1099631259240786
TN_Salem,0.29410124363307194,0.0691485145557682
BR_Bhagalpur,0.29432550104254246,0.05628741647645013
TN_Kanyakumari,0.29454002247678807,0.062122334891310506
OR_Angul,0.29522279817965,0.06512688988484253
JH_Lohardaga,0.2962905216656922,0.060583815154074364
ML_West Garo Hills,0.29697601862920514,0.07442976817645514
OR_Jajpur,0.29711984290649257,0.08190053371512135
OR_Balasore,0.2971412983849803,0.11402098400838774
KA_Raichur,0.2976614620813226,0.07453240647611069
HR_Panipat,0.29850004604139413,0.09283189415954546
AR_Lower Subansiri,0.29912079971094785,0.09816933638443937
UP_Varanasi,0.3005411438786719,0.07835829724483599
PB_Patiala,0.3007322942723637,0.08424918472785049
JH_Jamtara,0.3020497015329148,0.06569941924701848
WB_Purba Medinipur,0.30241303014693255,0.1318741138666078
OR_Boudh,0.3028161990379951,0.06426437453815152
TN_Tiruppur,0.3032586650058167,0.05305778176496499
BR_Arwal,0.3054064890424817,0.040631068584547465
TN_Virudhunagar,0.3064890479681695,0.06820564200571697
GJ_Dang,0.3067882658536692,0.07817215746569071
AP_Kurnool,0.30679668224429335,0.12153262531321983
ML_Ribhoi,0.3072747643331788,0.06653917477978674
TN_Perambalur,0.3072893353596722,0.05532506638972583
PB_Amritsar,0.307313414618478,0.10573358986548122
CT_Jashpur,0.3073189231966879,0.07644166924004514
OR_Kandhamal,0.3089181705337535,0.0771507686431777
KA_Yadgir,0.309528209416736,0.10451931453642302
CT_Kabeerdham,0.31137131227462717,0.0769519747704024
HR_Kaithal,0.31157661146193255,0.07625681371380913
CT_Bijapur,0.31198918622419,0.11215374368216903
TN_Namakkal,0.3148486535105679,0.06842403079808247
OR_Kendujhar,0.31536526222253797,0.06774366679191644
KA_Davanagere,0.31683163736567055,0.0791638332004624
TN_Krishnagiri,0.31778707304837883,0.05772660945872692
TN_Erode,0.31903582289993887,0.057365757386274814
WB_North 24 Parganas,0.31945633975408655,0.10327718458575667
PB_Fatehgarh Sahib,0.32159763264313196,0.068238128641719
MH_Washim,0.3240803234321227,0.1189949547261853
PB_Rupnagar,0.3258898641157886,0.07354661735514376
CT_Uttar Bastar Kanker,0.32799779955964486,0.09810786163396049
OR_Balangir,0.32863492171301706,0.056479787410165086
JH_Simdega,0.32882961015914525,0.056893348321652895
OR_Sundargarh,0.32939754098164886,0.08741605312221003
MH_Kolhapur,0.33070399104644194,0.18060599055572998
MP_Satna,0.3309863230646026,0.0640669198518575
MP_Barwani,0.33230197975150827,0.04548947564762054
MP_Jhabua,0.33299806448088287,0.050646408753541296
OR_Nayagarh,0.334039960988337,0.08630343720171293
AP_Anantapur,0.33441007285205043,0.14636739466444246
MP_Alirajpur,0.3345642449440946,0.04371336586195591
HR_Palwal,0.3350458613533223,0.07096521749137821
JH_East Singhbhum,0.3360593813469438,0.1183720959632838
MP_Shivpuri,0.3362550331682164,0.046741403783204426
KA_Belagavi,0.33641277069649916,0.09231637975998716
MZ_Lawngtlai,0.33724362562980303,0.08642509372826437
HR_Sirsa,0.3374758432939131,0.0947182225914519
NL_Mokokchung,0.3378240897740235,0.1125001284541316
KL_Malappuram,0.3386117405638816,0.13657401554126994
TR_South Tripura,0.33942427006361864,0.11657749249144693
OR_Kendrapara,0.34051880049515365,0.0930079334278004
OR_Rayagada,0.3405860662808874,0.07153343644198693
MH_Wardha,0.3414628521172779,0.11067026247449595
OR_Gajapati,0.3415095090660192,0.07569178476922624
MH_Satara,0.3417521683793643,0.14670139669165883
Telangana,0.34306167378976027,0.11797796770799823
KA_Chikkamagaluru,0.34340280554430247,0.14622996745934175
MH_Sindhudurg,0.34369170400552695,0.12648722828549605
PB_Ludhiana,0.34578400961031963,0.1101822685258889
GJ_Dahod,0.34585625592947344,0.16697820398423008
UP_Mahoba,0.34627116825235915,0.055340552857557096
CT_Korba,0.34647533647152423,0.10229231585228403
HR_Fatehabad,0.3469290698303948,0.08746500837039058
MP_Singrauli,0.34726332522259273,0.049878932980726876
PB_Shahid Bhagat Singh Nagar,0.3475118812366285,0.11183060867861051
JK_Anantnag,0.3475820716200732,0.09120119552198404
GJ_Bhavnagar,0.34775106627111496,0.11478302229057775
UP_Meerut,0.347981481486859,0.09165926423669501
ML_East Khasi Hills,0.34810551117417865,0.10319860713239265
MP_Sidhi,0.348815873182063,0.04210613176366619
KA_Koppal,0.3496978243352135,0.0987207896857373
HR_Yamunanagar,0.3500751520542248,0.11572757483291536
KA_Gadag,0.35044008378969915,0.11668654949885869
OR_Dhenkanal,0.3525344752856907,0.0784130931052782
KA_Bagalkote,0.3525663684970303,0.09815891185721724
MP_Morena,0.35396623549698114,0.05630859067025438
OR_Cuttack,0.35502558611834006,0.10845542147557412
MP_Bhind,0.3563706507027284,0.05529050120228655
KA_Bidar,0.35669406446310103,0.08881993776786239
MP_Mandla,0.35916788715571546,0.05305406647991999
AP_Guntur,0.35979793007629385,0.12120778761380602
MP_Dhar,0.3600112178966627,0.06127890426952598
HR_Kurukshetra,0.36062426463346997,0.11079608772048039
UP_Baghpat,0.36070735690473416,0.06802819236129444
OR_Bhadrak,0.3607466323936808,0.0834328573220999
AP_Y.S.R. Kadapa,0.3620392795204389,0.13713243750409804
MH_Sangli,0.3621067394529618,0.15210285233597307
AP_Prakasam,0.3631034235108234,0.1518171874889623
HR_Rohtak,0.3633919585678154,0.11017203101382958
MP_Chhatarpur,0.36344818781473864,0.055104617348748136
MP_Rewa,0.36412997979794565,0.07125346601801356
HR_Karnal,0.3643773699216913,0.12774990633245734
NL_Kohima,0.36493798229771485,0.09453035210531816
Assam,0.36628239132647317,0.07828408615178262
JH_Koderma,0.3685636061815628,0.06930174699375505
MP_Khargone,0.37044098222894684,0.059445416716941285
GJ_Jamnagar,0.3713929649246176,0.11987024788912093
PB_Jalandhar,0.37162095013197544,0.13021029454000063
UP_Lucknow,0.37343583804047115,0.11932469076250621
AP_East Godavari,0.37425809460690657,0.10718689807492623
KA_Shivamogga,0.3742934686176546,0.12113971563591676
OR_Deogarh,0.3744464354281326,0.07388327147062589
AP_Chittoor,0.37524532446076536,0.15353478049210553
KA_Chitradurga,0.3752585184542404,0.12794494099271086
RJ_Ganganagar,0.3770028763416834,0.13558924378214557
MP_Tikamgarh,0.3771774315199776,0.06559384873433224
OR_Koraput,0.3790426101749216,0.08918803143122843
MP_Katni,0.3798498810410188,0.06183699910684018
KA_Tumakuru,0.38006330767680235,0.10285817736601244
RJ_Bharatpur,0.38022972286814555,0.09607559382874847
AP_Srikakulam,0.38080080973277486,0.12466066913937036
JK_Bandipora,0.38092251524607884,0.1020289012625181
TR_West Tripura,0.3820699422102647,0.1642560085853075
RJ_Barmer,0.3837697998003649,0.1111696164494992
MP_Panna,0.384471530319128,0.03861114390272695
MP_Umaria,0.38662412874287716,0.053741093557582845
GJ_Kheda,0.3869271724455788,0.11630320646467106
KA_Hassan,0.38711318994765315,0.128718924173943
CT_Dhamtari,0.3882350293392816,0.11428003415935112
MH_Bhandara,0.38848187254547484,0.12809018156613075
RJ_Dungarpur,0.38898795291785976,0.10005170854242405
AP_Krishna,0.3891660641811946,0.12343145323923196
RJ_Udaipur,0.39007404462231376,0.1207073998996226
HR_Mahendragarh,0.3907381941853706,0.11549765315241062
AP_S.P.S. Nellore,0.3911913960149914,0.17839677117733857
NL_Longleng,0.3922628951747088,0.11974090801045877
RJ_Jalore,0.3926200149830757,0.09619681418252012
MP_Vidisha,0.39266900865392856,0.06955153800017136
MH_Aurangabad,0.39271548494866093,0.13118717454183404
MP_Guna,0.39303627250166934,0.059933033646686035
KA_Chamarajanagara,0.39312062900241085,0.10735106402779805
RJ_Pali,0.3931967100074451,0.12682294082224294
OR_Subarnapur,0.3933016816266595,0.08225892887871343
AP_Vizianagaram,0.39350958893124854,0.09384493067528153
OR_Puri,0.3938395154026832,0.09772182748288427
KA_Dharwad,0.3939409525490479,0.10951027680759795
MP_Chhindwara,0.39434517404283853,0.07434806272065625
TR_North Tripura,0.3948168952383972,0.1280702993168066
MP_Ashoknagar,0.3949443301213744,0.06445967261922371
HR_Rewari,0.39564849411106123,0.14060479911854737
KA_Uttara Kannada,0.3963542213894121,0.1368871719331547
MP_Seoni,0.39648227760814597,0.06873603740326335
KA_Ballari,0.39672306271520574,0.11531214896874535
JK_Srinagar,0.39703710052076724,0.10487140906301518
HR_Sonipat,0.3971514502403791,0.13194611589923042
RJ_Bhilwara,0.3994506176606991,0.11737774561422083
MP_Balaghat,0.39993817939493376,0.06915093042361219
RJ_Baran,0.40010141033976554,0.10437168525174707
RJ_Alwar,0.40043013690949736,0.144393073935701
MP_Mandsaur,0.4011560633268453,0.06774563921066001
RJ_Churu,0.40245603558044996,0.12063070868187886
RJ_Banswara,0.40331852560661147,0.108158899796104
MP_Anuppur,0.40357590455356585,0.05851819918130044
RJ_Dholpur,0.40462621299676094,0.10183702495449708
RJ_Hanumangarh,0.4047322014186124,0.12057021725459967
RJ_Karauli,0.4048275739106105,0.09785578310410849
GJ_Amreli,0.40586518204452543,0.14655690501192056
RJ_Sawai Madhopur,0.40603166782848427,0.1053333043814875
JK_Budgam,0.40619970945080897,0.13037831096723693
MP_Raisen,0.4064337783879057,0.061487071538911545
HR_Jhajjar,0.40672888810054203,0.11249210928574037
KA_Mandya,0.40969747514770716,0.11693854529566074
Manipur,0.411123141234977,0.09326653112934616
KA_Chikkaballapura,0.41131332542960586,0.12425982229361072
WB_Darjeeling,0.4131884863898706,0.14574271600472813
JK_Baramulla,0.41364669422512423,0.11813630226608296
JK_Kupwara,0.41401889346174087,0.07106303871757928
RJ_Nagaur,0.4144971359624977,0.16870960047379738
RJ_Sirohi,0.41451407155525277,0.13679408228525994
RJ_Rajsamand,0.4147287257359305,0.09937169126324899
MP_Damoh,0.41540112907652865,0.056462527457663586
RJ_Dausa,0.4171238655685327,0.08702350513243626
AP_West Godavari,0.4172997684003367,0.10972002298216443
RJ_Chittorgarh,0.41859230298030614,0.12049499526658024
RJ_Jodhpur,0.4186840024788693,0.1519991646698751
MH_Gondia,0.42062764129036745,0.1089514081967052
RJ_Jaisalmer,0.42203311146571454,0.11999659660346997
MH_Nagpur,0.42391088991892245,0.15011077516831164
RJ_Bikaner,0.4241538585842178,0.15017912913922832
GJ_Patan,0.4243525876401133,0.13602989877460867
MP_Betul,0.425779598593847,0.08503315428453904
MP_Hoshangabad,0.4292681354976437,0.09123051516494139
GJ_Surendranagar,0.4294532497318177,0.07662327161913786
BR_Patna,0.4299326963508388,0.14731491924675408
KL_Palakkad,0.4304688295169922,0.14985262999059765
OR_Ganjam,0.43050174396314456,0.13284354827146602
KA_Kodagu,0.4320717594888543,0.1588241340693466
GJ_Banaskantha,0.4332031407726824,0.1567688060846542
RJ_Tonk,0.43461809605959506,0.11895089515002188
RJ_Jhalawar,0.4351657431744369,0.09949409302763958
MP_Burhanpur,0.4354757622580811,0.10754281537038479
MP_Ratlam,0.43675660741861727,0.08380014968362325
MP_Khandwa,0.4369224028499436,0.07161269589736662
MP_Dewas,0.4371627822205453,0.07609378946930867
AP_Visakhapatnam,0.4372066399275251,0.14523856747873076
MP_Dindori,0.4395180291941793,0.06294320704475646
RJ_Sikar,0.44043568730523996,0.1660884170926814
OR_Jharsuguda,0.44051388685170967,0.096736007454638
RJ_Pratapgarh,0.4412235783224712,0.09133166176565481
PY_Puducherry,0.4419877992200027,0.1316171362222776
MP_Sagar,0.4420654054013146,0.09679170285958381
RJ_Bundi,0.4421175148932493,0.14441995992460208
OR_Nuapada,0.4438433636640661,0.07105058799243752
RJ_Jaipur,0.4449740106589349,0.15307798854784765
CT_Rajnandgaon,0.4452405875093437,0.11122980249594537
RJ_Jhunjhunu,0.446058927163443,0.16278038132093614
JK_Pulwama,0.44617443437299265,0.12714474341588752
MP_Narsinghpur,0.44653222866793546,0.0799365116581521
GJ_Tapi,0.4469147061666225,0.13382410888426832
KA_Bengaluru Rural,0.4469802396351684,0.1198307032937978
KA_Kolar,0.4469946322607184,0.10470378501445912
MP_Rajgarh,0.4472724402806547,0.06581386893895384
GJ_Valsad,0.447384559102011,0.15782990693436863
CT_Mahasamund,0.4475451075473927,0.13993942410293256
KA_Ramanagara,0.44786428679630086,0.16981607853424419
MP_Datia,0.44853537446266556,0.07356301969866057
GJ_Kutch,0.449748156517176,0.12700137786272128
GJ_Anand,0.45036017288298386,0.14361615963722288
TN_Coimbatore,0.45078910193476374,0.10626582360842615
JK_Kishtwar,0.45247425182924716,0.13149339390366543
JK_Shopiyan,0.45405029769171534,0.1607610390098229
RJ_Kota,0.4578127066233251,0.16673739911656196
PB_Hoshiarpur,0.45824942881903413,0.1487364689198771
GJ_Rajkot,0.4597156883927121,0.1424083954036185
JK_Jammu,0.462984604806145,0.2132143496749584
JK_Ganderbal,0.46633338488330656,0.143874854595456
MP_Neemuch,0.4715150223892251,0.0969969748216549
UT_Haridwar,0.4756985477316705,0.11636396529452155
KA_Dakshina Kannada,0.4765025131014826,0.14932603513795858
MP_Shahdol,0.476752312011579,0.07260640318630325
GJ_Mehsana,0.476873454594057,0.1753679491160966
GJ_Navsari,0.4786413491447515,0.17248238663369614
UT_Pauri Garhwal,0.4792941939933447,0.18227598720155513
KA_Mysuru,0.4795378536129927,0.16772032639738338
KL_Alappuzha,0.4835061183228224,0.21087006277408146
JK_Rajouri,0.48412630464730744,0.09147358016235611
MZ_Mamit,0.48616321615487934,0.1500856838497522
KL_Kozhikode,0.48823847897785466,0.18983939632432825
RJ_Ajmer,0.488426094403055,0.16150042662710623
KL_Kannur,0.48896810665702733,0.20002552513809932
UT_Udham Singh Nagar,0.4894930080744641,0.11015390847970347
JK_Doda,0.49148647593770733,0.10495052886304204
KL_Kasaragod,0.49243637058992257,0.21545998661439908
AR_Upper Dibang Valley,0.49387806096951525,0.15517241379310345
AR_Upper Siang,0.4956115515288788,0.18001132502831257
JK_Kathua,0.49575867690835207,0.13337010390389903
MH_Mumbai,0.49606148280557094,0.16681335626250715
GJ_Narmada,0.49654495957119893,0.20004506206197897
UT_Tehri Garhwal,0.49683567312026705,0.16338170167595417
KL_Kollam,0.49986738130247116,0.19186453540767442
JK_Kulgam,0.5008139312999579,0.14320950426754428
GJ_Vadodara,0.5042080109928255,0.1619946197762353
MP_Gwalior,0.505886214614308,0.12510457491894827
AR_Changlang,0.50999149946703,0.11405556380122246
KA_Udupi,0.5113155608177951,0.18741065824330855
UT_Almora,0.5129781881620418,0.1877572264363717
KL_Thrissur,0.5139407920030757,0.20219595027553505
UT_Pithoragarh,0.5141207060249586,0.16375592370495554
OR_Sambalpur,0.5145706604271063,0.10736538984284875
AR_Anjaw,0.5165115509991969,0.12042330042046583
AR_East Siang,0.5173161045820146,0.16207390086076562
MP_Sehore,0.5299367360820906,0.1019451977073693
MP_Jabalpur,0.5299658302375402,0.13864187271570652
JK_Punch,0.531678672916208,0.09440372455880965
TN_Nilgiris,0.5333100351648232,0.14034381569607585
MZ_Kolasib,0.5338216901911739,0.1688880948126973
GJ_Bharuch,0.5341108007058586,0.14386993325033415
GJ_Surat,0.5360038491630603,0.15995239193057037
KL_Kottayam,0.5395758326829745,0.21238195417591138
PY_Karaikal,0.5401104773701192,0.12965108729310465
MH_Pune,0.5406327735526981,0.1880162572242075
MZ_Lunglei,0.5426196198924598,0.19163961642342098
GJ_Porbandar,0.5478188535636751,0.22054867289892033
AR_Lower Dibang Valley,0.5496671597633136,0.14981508875739644
JK_Udhampur,0.5534654089750174,0.14285791507878592
MZ_Champhai,0.5550041751163068,0.20023062547218579
AR_Tawang,0.5571963103027393,0.18424475258618964
MP_Ujjain,0.5596341772763511,0.13464937710885094
KL_Idukki,0.5608255919435442,0.19481160063265685
HR_Faridabad,0.5743725731917361,0.17203808517610056
HR_Ambala,0.5751185359152745,0.22776709354366997
GJ_Ahmedabad,0.5774155921114188,0.16810731575463753
JK_Ramban,0.5795610352715597,0.17084166041034426
JK_Reasi,0.5806614611637064,0.1187954250048464
MZ_Saiha,0.5835012549934598,0.1418142609679358
UT_Nainital,0.5873811681271311,0.1905384949795989
HP_Chamba,0.5880634969561532,0.15884256761963475
LA_Kargil,0.58810244172668,0.21305095098080992
KL_Thiruvananthapuram,0.5926885555852061,0.2253149925774521
AR_West Kameng,0.597353091831751,0.16548536576649553
MP_Harda,0.5977930284942985,0.09766243327811522
CT_Raigarh,0.6029428695354168,0.18112978452245806
JK_Samba,0.6033998331754982,0.20227784432639903
HR_Panchkula,0.6067187725483838,0.22507139764793077
NL_Dimapur,0.6074190031440481,0.1287660601196903
UT_Chamoli,0.6095759757919332,0.2211309865808659
Andaman and Nicobar Islands,0.6116017352416437,0.2556275799369911
HP_Sirmaur,0.6187806097894707,0.14074605316548866
MZ_Serchhip,0.6273465050741488,0.22934536550810786
UT_Dehradun,0.6291700212295205,0.23523569954275786
UT_Uttarkashi,0.6397938719000503,0.21932769035948207
PB_S.A.S. Nagar,0.6477306088306382,0.19675195148336866
UT_Champawat,0.6490903068770028,0.21432862952920878
UP_Pratapgarh,0.6589437320821158,0.12193149030705838
OR_Khordha,0.6630025763065951,0.44888889283657085
TR_Dhalai,0.663080665203712,0.1694656690373582
GJ_Gandhinagar,0.6640294649984588,0.18506229194404467
UT_Rudraprayag,0.6698557483954847,0.19270693604639164
HP_Kullu,0.6753390591066971,0.19963096850215686
KL_Ernakulam,0.6776877078517226,0.2273219984962168
UT_Bageshwar,0.6790971842799868,0.22516525713933927
MP_Bhopal,0.6832666894693978,0.19689624180904666
TN_Chennai,0.6870848157371675,0.2563799676848159
HP_Mandi,0.689201691977311,0.2337691305161051
HP_Shimla,0.690070146558396,0.23239886487880984
UP_Hamirpur,0.6921177391549097,0.1080375048376315
CH_Chandigarh,0.695039082855654,0.23151357240987255
AR_Papum Pare,0.6981984788161271,0.217026385687506
HP_Kangra,0.7038749730973627,0.22019965895733656
DN_Diu,0.7282328993355609,0.26197334562353575
KL_Pathanamthitta,0.7348097396718923,0.3190706289898548
KL_Wayanad,0.7376000097868904,0.25783807589733554
KA_Bengaluru Urban,0.7552710576496451,0.21375836390619352
MZ_Aizawl,0.7573874182194255,0.2536465580339188
HP_Bilaspur,0.7593570987234132,0.2621244331807852
HP_Una,0.7629328457153383,0.2439631370005737
Goa,0.7634725017054668,0.22619048435255684
HP_Hamirpur,0.788459170390177,0.2956672413186504
MP_Indore,0.79639923984427,0.21707927220612708
LA_Leh,0.7996134455040566,0.32322248608478726
LD_Lakshadweep,0.8015448327206738,0.2772478401811611
Sikkim,0.820255266739494,0.2597968806555111
WB_Kolkata,0.8453548317942026,0.30247377295408584
PY_Mahe,0.8474268222689879,0.35067916586952363
HP_Lahaul and Spiti,0.8539475351666456,0.27439488024331515
UP_Gautam Buddha Nagar,0.870072173361689,0.2191084966765062
HP_Kinnaur,0.881123619548032,0.2732967986590744
HP_Solan,0.9716983733112765,0.20822477253928867
DN_Dadra and Nagar Haveli,1.0173286122853926,0.1207562211056446
HR_Gurugram,1.0201719192410093,0.3418192431221739
DN_Daman,1.102948638144508,0.18451350347590925
CT_Bilaspur,1.5084198179895068,0.5037700677564955
