State Code,State Name,Type,Educational level,Two Total,Two Male,Two Female,Three Total,Three Male,Three Female
00,INDIA,Total,Total,314988770,176696383,138292387,86009580,50536832,35472748
00,INDIA,Total,Illiterate,42266268,17851584,24414684,3879858,1890285,1989573
00,INDIA,Total,Literate,272722502,158844799,113877703,82129722,48646547,33483175
00,INDIA,Total,Literate but below primary,29345104,16126959,13218145,3733616,2108024,1625592
00,INDIA,Total,Primary but below middle,48570544,26588496,21982048,8636296,4782211,3854085
00,INDIA,Total,Middle but below matric/secondary,43116661,25214857,17901804,10743350,6266289,4477061
00,INDIA,Total,Matric/Secondary but below graduate,93204075,56022449,37181626,33899219,20411147,13488072
00,INDIA,Total,Graduate and above,46958049,28285620,18672429,22146543,13316422,8830121
00,INDIA,Rural,Total,162641485,92988052,69653433,35383989,21771062,13612927
00,INDIA,Rural,Illiterate,30204008,12774715,17429293,2234076,1105619,1128457
00,INDIA,Rural,Literate,132437477,80213337,52224140,33149913,20665443,12484470
00,INDIA,Rural,Literate but below primary,18487727,10353027,8134700,1750972,1033945,717027
00,INDIA,Rural,Primary but below middle,28926164,16345445,12580719,4499137,2578263,1920874
00,INDIA,Rural,Middle but below matric/secondary,24957847,15068362,9889485,6010075,3608166,2401909
00,INDIA,Rural,Matric/Secondary but below graduate,42300193,26798111,15502082,14549061,9185784,5363277
00,INDIA,Rural,Graduate and above,11762090,8062603,3699487,5090441,3470061,1620380
00,INDIA,Urban,Total,152347285,83708331,68638954,50625591,28765770,21859821
00,INDIA,Urban,Illiterate,12062260,5076869,6985391,1645782,784666,861116
00,INDIA,Urban,Literate,140285025,78631462,61653563,48979809,27981104,20998705
00,INDIA,Urban,Literate but below primary,10857377,5773932,5083445,1982644,1074079,908565
00,INDIA,Urban,Primary but below middle,19644380,10243051,9401329,4137159,2203948,1933211
00,INDIA,Urban,Middle but below matric/secondary,18158814,10146495,8012319,4733275,2658123,2075152
00,INDIA,Urban,Matric/Secondary but below graduate,50903882,29224338,21679544,19350158,11225363,8124795
00,INDIA,Urban,Graduate and above,35195959,20223017,14972942,17056102,9846361,7209741
01,JAMMU & KASHMIR,Total,Total,6183190,3634819,2548371,2096220,1258756,837464
01,JAMMU & KASHMIR,Total,Illiterate,764675,343219,421456,132783,62798,69985
01,JAMMU & KASHMIR,Total,Literate,5418515,3291600,2126915,1963437,1195958,767479
01,JAMMU & KASHMIR,Total,Literate but below primary,569135,316283,252852,102814,57593,45221
01,JAMMU & KASHMIR,Total,Primary but below middle,935821,529413,406408,196414,113132,83282
01,JAMMU & KASHMIR,Total,Middle but below matric/secondary,1331807,817811,513996,348840,214671,134169
01,JAMMU & KASHMIR,Total,Matric/Secondary but below graduate,1864307,1182960,681347,836020,516604,319416
01,JAMMU & KASHMIR,Total,Graduate and above,597718,367121,230597,440542,268773,171769
01,JAMMU & KASHMIR,Rural,Total,4167238,2470363,1696875,1258724,778704,480020
01,JAMMU & KASHMIR,Rural,Illiterate,614173,275360,338813,110259,52552,57707
01,JAMMU & KASHMIR,Rural,Literate,3553065,2195003,1358062,1148465,726152,422313
01,JAMMU & KASHMIR,Rural,Literate but below primary,426363,238361,188002,74719,42093,32626
01,JAMMU & KASHMIR,Rural,Primary but below middle,720345,413037,307308,148610,87228,61382
01,JAMMU & KASHMIR,Rural,Middle but below matric/secondary,988776,619621,369155,257452,162707,94745
01,JAMMU & KASHMIR,Rural,Matric/Secondary but below graduate,1117982,720915,397067,483207,307816,175391
01,JAMMU & KASHMIR,Rural,Graduate and above,229730,157560,72170,163652,112508,51144
01,JAMMU & KASHMIR,Urban,Total,2015952,1164456,851496,837496,480052,357444
01,JAMMU & KASHMIR,Urban,Illiterate,150502,67859,82643,22524,10246,12278
01,JAMMU & KASHMIR,Urban,Literate,1865450,1096597,768853,814972,469806,345166
01,JAMMU & KASHMIR,Urban,Literate but below primary,142772,77922,64850,28095,15500,12595
01,JAMMU & KASHMIR,Urban,Primary but below middle,215476,116376,99100,47804,25904,21900
01,JAMMU & KASHMIR,Urban,Middle but below matric/secondary,343031,198190,144841,91388,51964,39424
01,JAMMU & KASHMIR,Urban,Matric/Secondary but below graduate,746325,462045,284280,352813,208788,144025
01,JAMMU & KASHMIR,Urban,Graduate and above,367988,209561,158427,276890,156265,120625
02,HIMACHAL PRADESH,Total,Total,1242705,683966,558739,347286,200478,146808
02,HIMACHAL PRADESH,Total,Illiterate,90296,36281,54015,4813,2546,2267
02,HIMACHAL PRADESH,Total,Literate,1152409,647685,504724,342473,197932,144541
02,HIMACHAL PRADESH,Total,Literate but below primary,105478,58341,47137,10061,5838,4223
02,HIMACHAL PRADESH,Total,Primary but below middle,206872,106983,99889,31722,17397,14325
02,HIMACHAL PRADESH,Total,Middle but below matric/secondary,175350,97992,77358,47855,27032,20823
02,HIMACHAL PRADESH,Total,Matric/Secondary but below graduate,468454,276433,192021,178135,105451,72684
02,HIMACHAL PRADESH,Total,Graduate and above,170227,93470,76757,68109,38312,29797
02,HIMACHAL PRADESH,Rural,Total,981518,538801,442717,280817,163039,117778
02,HIMACHAL PRADESH,Rural,Illiterate,78557,30711,47846,3776,1939,1837
02,HIMACHAL PRADESH,Rural,Literate,902961,508090,394871,277041,161100,115941
02,HIMACHAL PRADESH,Rural,Literate but below primary,89278,49182,40096,8010,4622,3388
02,HIMACHAL PRADESH,Rural,Primary but below middle,179733,91987,87746,27433,14971,12462
02,HIMACHAL PRADESH,Rural,Middle but below matric/secondary,147121,81437,65684,41464,23180,18284
02,HIMACHAL PRADESH,Rural,Matric/Secondary but below graduate,369154,219250,149904,150059,89282,60777
02,HIMACHAL PRADESH,Rural,Graduate and above,96219,54250,41969,44660,25778,18882
02,HIMACHAL PRADESH,Urban,Total,261187,145165,116022,66469,37439,29030
02,HIMACHAL PRADESH,Urban,Illiterate,11739,5570,6169,1037,607,430
02,HIMACHAL PRADESH,Urban,Literate,249448,139595,109853,65432,36832,28600
02,HIMACHAL PRADESH,Urban,Literate but below primary,16200,9159,7041,2051,1216,835
02,HIMACHAL PRADESH,Urban,Primary but below middle,27139,14996,12143,4289,2426,1863
02,HIMACHAL PRADESH,Urban,Middle but below matric/secondary,28229,16555,11674,6391,3852,2539
02,HIMACHAL PRADESH,Urban,Matric/Secondary but below graduate,99300,57183,42117,28076,16169,11907
02,HIMACHAL PRADESH,Urban,Graduate and above,74008,39220,34788,23449,12534,10915
03,PUNJAB,Total,Total,13035224,7284183,5751041,7829913,4383841,3446072
03,PUNJAB,Total,Illiterate,554470,264585,289885,139464,73110,66354
03,PUNJAB,Total,Literate,12480754,7019598,5461156,7690449,4310731,3379718
03,PUNJAB,Total,Literate but below primary,740162,424729,315433,277578,160047,117531
03,PUNJAB,Total,Primary but below middle,2133037,1165445,967592,765038,431987,333051
03,PUNJAB,Total,Middle but below matric/secondary,2147334,1222332,925002,1112074,632781,479293
03,PUNJAB,Total,Matric/Secondary but below graduate,5607271,3268641,2338630,4039592,2334744,1704848
03,PUNJAB,Total,Graduate and above,1596968,798212,798756,1349723,670638,679085
03,PUNJAB,Rural,Total,7083180,3998260,3084920,4230870,2404467,1826403
03,PUNJAB,Rural,Illiterate,263922,128090,135832,73302,38791,34511
03,PUNJAB,Rural,Literate,6819258,3870170,2949088,4157568,2365676,1791892
03,PUNJAB,Rural,Literate but below primary,385044,221595,163449,142355,82187,60168
03,PUNJAB,Rural,Primary but below middle,1368677,748016,620661,490874,277942,212932
03,PUNJAB,Rural,Middle but below matric/secondary,1365525,776640,588885,730978,416028,314950
03,PUNJAB,Rural,Matric/Secondary but below graduate,3146075,1842479,1303596,2346863,1365164,981699
03,PUNJAB,Rural,Graduate and above,418409,206279,212130,367647,180171,187476
03,PUNJAB,Urban,Total,5952044,3285923,2666121,3599043,1979374,1619669
03,PUNJAB,Urban,Illiterate,290548,136495,154053,66162,34319,31843
03,PUNJAB,Urban,Literate,5661496,3149428,2512068,3532881,1945055,1587826
03,PUNJAB,Urban,Literate but below primary,355118,203134,151984,135223,77860,57363
03,PUNJAB,Urban,Primary but below middle,764360,417429,346931,274164,154045,120119
03,PUNJAB,Urban,Middle but below matric/secondary,781809,445692,336117,381096,216753,164343
03,PUNJAB,Urban,Matric/Secondary but below graduate,2461196,1426162,1035034,1692729,969580,723149
03,PUNJAB,Urban,Graduate and above,1178559,591933,586626,982076,490467,491609
04,CHANDIGARH,Total,Total,579920,322898,257022,321979,178557,143422
04,CHANDIGARH,Total,Illiterate,23707,9719,13988,3167,1299,1868
04,CHANDIGARH,Total,Literate,556213,313179,243034,318812,177258,141554
04,CHANDIGARH,Total,Literate but below primary,35500,19962,15538,12238,6956,5282
04,CHANDIGARH,Total,Primary but below middle,62131,33869,28262,23074,12976,10098
04,CHANDIGARH,Total,Middle but below matric/secondary,63942,36718,27224,26943,15224,11719
04,CHANDIGARH,Total,Matric/Secondary but below graduate,206478,122056,84422,118884,68857,50027
04,CHANDIGARH,Total,Graduate and above,182654,97750,84904,135080,71819,63261
04,CHANDIGARH,Rural,Total,11723,7069,4654,4353,2647,1706
04,CHANDIGARH,Rural,Illiterate,853,379,474,47,23,24
04,CHANDIGARH,Rural,Literate,10870,6690,4180,4306,2624,1682
04,CHANDIGARH,Rural,Literate but below primary,962,542,420,184,106,78
04,CHANDIGARH,Rural,Primary but below middle,1919,1093,826,430,253,177
04,CHANDIGARH,Rural,Middle but below matric/secondary,1742,1066,676,577,335,242
04,CHANDIGARH,Rural,Matric/Secondary but below graduate,4652,3001,1651,2244,1400,844
04,CHANDIGARH,Rural,Graduate and above,1464,909,555,840,509,331
04,CHANDIGARH,Urban,Total,568197,315829,252368,317626,175910,141716
04,CHANDIGARH,Urban,Illiterate,22854,9340,13514,3120,1276,1844
04,CHANDIGARH,Urban,Literate,545343,306489,238854,314506,174634,139872
04,CHANDIGARH,Urban,Literate but below primary,34538,19420,15118,12054,6850,5204
04,CHANDIGARH,Urban,Primary but below middle,60212,32776,27436,22644,12723,9921
04,CHANDIGARH,Urban,Middle but below matric/secondary,62200,35652,26548,26366,14889,11477
04,CHANDIGARH,Urban,Matric/Secondary but below graduate,201826,119055,82771,116640,67457,49183
04,CHANDIGARH,Urban,Graduate and above,181190,96841,84349,134240,71310,62930
05,UTTARAKHAND,Total,Total,1757756,982762,774994,187822,109529,78293
05,UTTARAKHAND,Total,Illiterate,248956,103570,145386,4772,2052,2720
05,UTTARAKHAND,Total,Literate,1508800,879192,629608,183050,107477,75573
05,UTTARAKHAND,Total,Literate but below primary,162405,90016,72389,7136,3959,3177
05,UTTARAKHAND,Total,Primary but below middle,254347,144018,110329,14621,8223,6398
05,UTTARAKHAND,Total,Middle but below matric/secondary,224888,135855,89033,22254,13503,8751
05,UTTARAKHAND,Total,Matric/Secondary but below graduate,450035,277283,172752,69376,42600,26776
05,UTTARAKHAND,Total,Graduate and above,383290,212875,170415,65932,36861,29071
05,UTTARAKHAND,Rural,Total,835231,467968,367263,70611,42893,27718
05,UTTARAKHAND,Rural,Illiterate,163049,66561,96488,2977,1303,1674
05,UTTARAKHAND,Rural,Literate,672182,401407,270775,67634,41590,26044
05,UTTARAKHAND,Rural,Literate but below primary,96718,53578,43140,3586,1963,1623
05,UTTARAKHAND,Rural,Primary but below middle,149032,84212,64820,7252,4150,3102
05,UTTARAKHAND,Rural,Middle but below matric/secondary,125236,77129,48107,11133,6773,4360
05,UTTARAKHAND,Rural,Matric/Secondary but below graduate,185772,118084,67688,27521,17643,9878
05,UTTARAKHAND,Rural,Graduate and above,98788,59004,39784,16797,10143,6654
05,UTTARAKHAND,Urban,Total,922525,514794,407731,117211,66636,50575
05,UTTARAKHAND,Urban,Illiterate,85907,37009,48898,1795,749,1046
05,UTTARAKHAND,Urban,Literate,836618,477785,358833,115416,65887,49529
05,UTTARAKHAND,Urban,Literate but below primary,65687,36438,29249,3550,1996,1554
05,UTTARAKHAND,Urban,Primary but below middle,105315,59806,45509,7369,4073,3296
05,UTTARAKHAND,Urban,Middle but below matric/secondary,99652,58726,40926,11121,6730,4391
05,UTTARAKHAND,Urban,Matric/Secondary but below graduate,264263,159199,105064,41855,24957,16898
05,UTTARAKHAND,Urban,Graduate and above,284502,153871,130631,49135,26718,22417
06,HARYANA,Total,Total,5627361,3257645,2369716,1170571,681228,489343
06,HARYANA,Total,Illiterate,401484,171338,230146,20108,10805,9303
06,HARYANA,Total,Literate,5225877,3086307,2139570,1150463,670423,480040
06,HARYANA,Total,Literate but below primary,379048,219470,159578,28461,16756,11705
06,HARYANA,Total,Primary but below middle,732224,415038,317186,97673,57382,40291
06,HARYANA,Total,Middle but below matric/secondary,720745,414813,305932,150432,86355,64077
06,HARYANA,Total,Matric/Secondary but below graduate,2088725,1299411,789314,511698,310436,201262
06,HARYANA,Total,Graduate and above,1192517,674416,518101,338620,186645,151975
06,HARYANA,Rural,Total,2757542,1651753,1105789,562967,344293,218674
06,HARYANA,Rural,Illiterate,277150,115322,161828,10360,5529,4831
06,HARYANA,Rural,Literate,2480392,1536431,943961,552607,338764,213843
06,HARYANA,Rural,Literate but below primary,244214,142863,101351,14331,8606,5725
06,HARYANA,Rural,Primary but below middle,486295,281014,205281,67075,39899,27176
06,HARYANA,Rural,Middle but below matric/secondary,437658,256725,180933,104971,60585,44386
06,HARYANA,Rural,Matric/Secondary but below graduate,1017808,665846,351962,282102,177188,104914
06,HARYANA,Rural,Graduate and above,242039,158779,83260,73291,46198,27093
06,HARYANA,Urban,Total,2869819,1605892,1263927,607604,336935,270669
06,HARYANA,Urban,Illiterate,124334,56016,68318,9748,5276,4472
06,HARYANA,Urban,Literate,2745485,1549876,1195609,597856,331659,266197
06,HARYANA,Urban,Literate but below primary,134834,76607,58227,14130,8150,5980
06,HARYANA,Urban,Primary but below middle,245929,134024,111905,30598,17483,13115
06,HARYANA,Urban,Middle but below matric/secondary,283087,158088,124999,45461,25770,19691
06,HARYANA,Urban,Matric/Secondary but below graduate,1070917,633565,437352,229596,133248,96348
06,HARYANA,Urban,Graduate and above,950478,515637,434841,265329,140447,124882
07,DELHI,Total,Total,6817214,3792458,3024756,1358233,741513,616720
07,DELHI,Total,Illiterate,296843,125452,171391,13588,6055,7533
07,DELHI,Total,Literate,6520371,3667006,2853365,1344645,735458,609187
07,DELHI,Total,Literate but below primary,339284,186785,152499,39831,21611,18220
07,DELHI,Total,Primary but below middle,608175,330795,277380,73971,40117,33854
07,DELHI,Total,Middle but below matric/secondary,675593,379494,296099,97060,53941,43119
07,DELHI,Total,Matric/Secondary but below graduate,2258863,1314170,944693,423330,236321,187009
07,DELHI,Total,Graduate and above,2406643,1332126,1074517,659504,357519,301985
07,DELHI,Rural,Total,98713,59504,39209,5474,3336,2138
07,DELHI,Rural,Illiterate,4460,1816,2644,59,34,25
07,DELHI,Rural,Literate,94253,57688,36565,5415,3302,2113
07,DELHI,Rural,Literate but below primary,3962,2260,1702,81,40,41
07,DELHI,Rural,Primary but below middle,8325,4744,3581,274,149,125
07,DELHI,Rural,Middle but below matric/secondary,11678,6726,4952,621,386,235
07,DELHI,Rural,Matric/Secondary but below graduate,46853,29484,17369,2423,1486,937
07,DELHI,Rural,Graduate and above,20991,12995,7996,1827,1127,700
07,DELHI,Urban,Total,6718501,3732954,2985547,1352759,738177,614582
07,DELHI,Urban,Illiterate,292383,123636,168747,13529,6021,7508
07,DELHI,Urban,Literate,6426118,3609318,2816800,1339230,732156,607074
07,DELHI,Urban,Literate but below primary,335322,184525,150797,39750,21571,18179
07,DELHI,Urban,Primary but below middle,599850,326051,273799,73697,39968,33729
07,DELHI,Urban,Middle but below matric/secondary,663915,372768,291147,96439,53555,42884
07,DELHI,Urban,Matric/Secondary but below graduate,2212010,1284686,927324,420907,234835,186072
07,DELHI,Urban,Graduate and above,2385652,1319131,1066521,657677,356392,301285
08,RAJASTHAN,Total,Total,7473186,4389920,3083266,1006751,642842,363909
08,RAJASTHAN,Total,Illiterate,1002650,386124,616526,32157,15212,16945
08,RAJASTHAN,Total,Literate,6470536,4003796,2466740,974594,627630,346964
08,RAJASTHAN,Total,Literate but below primary,846364,475464,370900,31773,18350,13423
08,RAJASTHAN,Total,Primary but below middle,1310373,768438,541935,103026,60854,42172
08,RAJASTHAN,Total,Middle but below matric/secondary,1098889,684614,414275,182737,114942,67795
08,RAJASTHAN,Total,Matric/Secondary but below graduate,1724761,1129623,595138,379365,251496,127869
08,RAJASTHAN,Total,Graduate and above,1208305,769324,438981,243786,159444,84342
08,RAJASTHAN,Rural,Total,4247026,2593810,1653216,609507,414618,194889
08,RAJASTHAN,Rural,Illiterate,705096,273790,431306,21782,10772,11010
08,RAJASTHAN,Rural,Literate,3541930,2320020,1221910,587725,403846,183879
08,RAJASTHAN,Rural,Literate but below primary,610199,350196,260003,19417,11672,7745
08,RAJASTHAN,Rural,Primary but below middle,914715,559984,354731,74804,45862,28942
08,RAJASTHAN,Rural,Middle but below matric/secondary,714334,468769,245565,139332,90551,48781
08,RAJASTHAN,Rural,Matric/Secondary but below graduate,832355,591817,240538,235899,165241,70658
08,RAJASTHAN,Rural,Graduate and above,308410,241018,67392,98068,75918,22150
08,RAJASTHAN,Urban,Total,3226160,1796110,1430050,397244,228224,169020
08,RAJASTHAN,Urban,Illiterate,297554,112334,185220,10375,4440,5935
08,RAJASTHAN,Urban,Literate,2928606,1683776,1244830,386869,223784,163085
08,RAJASTHAN,Urban,Literate but below primary,236165,125268,110897,12356,6678,5678
08,RAJASTHAN,Urban,Primary but below middle,395658,208454,187204,28222,14992,13230
08,RAJASTHAN,Urban,Middle but below matric/secondary,384555,215845,168710,43405,24391,19014
08,RAJASTHAN,Urban,Matric/Secondary but below graduate,892406,537806,354600,143466,86255,57211
08,RAJASTHAN,Urban,Graduate and above,899895,528306,371589,145718,83526,62192
09,UTTAR PRADESH,Total,Total,22873609,13309909,9563700,2585664,1546993,1038671
09,UTTAR PRADESH,Total,Illiterate,2901669,1270276,1631393,90022,39291,50731
09,UTTAR PRADESH,Total,Literate,19971940,12039633,7932307,2495642,1507702,987940
09,UTTAR PRADESH,Total,Literate but below primary,1806595,977760,828835,110449,58915,51534
09,UTTAR PRADESH,Total,Primary but below middle,3101370,1716062,1385308,288053,155253,132800
09,UTTAR PRADESH,Total,Middle but below matric/secondary,2960277,1804078,1156199,403536,244061,159475
09,UTTAR PRADESH,Total,Matric/Secondary but below graduate,6456799,4023033,2433766,940306,576711,363595
09,UTTAR PRADESH,Total,Graduate and above,4764683,2985223,1779460,659417,414176,245241
09,UTTAR PRADESH,Rural,Total,10917897,6641168,4276729,1267848,814164,453684
09,UTTAR PRADESH,Rural,Illiterate,1453626,607599,846027,38998,17087,21911
09,UTTAR PRADESH,Rural,Literate,9464271,6033569,3430702,1228850,797077,431773
09,UTTAR PRADESH,Rural,Literate but below primary,1008276,542687,465589,56675,30010,26665
09,UTTAR PRADESH,Rural,Primary but below middle,1753680,972523,781157,168430,91100,77330
09,UTTAR PRADESH,Rural,Middle but below matric/secondary,1700311,1084085,616226,252373,158765,93608
09,UTTAR PRADESH,Rural,Matric/Secondary but below graduate,3183614,2141173,1042441,481670,320304,161366
09,UTTAR PRADESH,Rural,Graduate and above,1423385,1043943,379442,227960,168870,59090
09,UTTAR PRADESH,Urban,Total,11955712,6668741,5286971,1317816,732829,584987
09,UTTAR PRADESH,Urban,Illiterate,1448043,662677,785366,51024,22204,28820
09,UTTAR PRADESH,Urban,Literate,10507669,6006064,4501605,1266792,710625,556167
09,UTTAR PRADESH,Urban,Literate but below primary,798319,435073,363246,53774,28905,24869
09,UTTAR PRADESH,Urban,Primary but below middle,1347690,743539,604151,119623,64153,55470
09,UTTAR PRADESH,Urban,Middle but below matric/secondary,1259966,719993,539973,151163,85296,65867
09,UTTAR PRADESH,Urban,Matric/Secondary but below graduate,3273185,1881860,1391325,458636,256407,202229
09,UTTAR PRADESH,Urban,Graduate and above,3341298,1941280,1400018,431457,245306,186151
10,BIHAR,Total,Total,16761785,9443495,7318290,1682572,1028475,654097
10,BIHAR,Total,Illiterate,4752160,2085455,2666705,180106,85539,94567
10,BIHAR,Total,Literate,12009625,7358040,4651585,1502466,942936,559530
10,BIHAR,Total,Literate but below primary,2847892,1528322,1319570,189501,99467,90034
10,BIHAR,Total,Primary but below middle,2890798,1718623,1172175,267901,150820,117081
10,BIHAR,Total,Middle but below matric/secondary,1663633,1044527,619106,204290,122712,81578
10,BIHAR,Total,Matric/Secondary but below graduate,2725737,1770647,955090,502821,322210,180611
10,BIHAR,Total,Graduate and above,1137942,846430,291512,261999,199849,62150
10,BIHAR,Rural,Total,13930257,7865893,6064364,1262676,785074,477602
10,BIHAR,Rural,Illiterate,4330971,1898359,2432612,155257,73988,81269
10,BIHAR,Rural,Literate,9599286,5967534,3631752,1107419,711086,396333
10,BIHAR,Rural,Literate but below primary,2539091,1368105,1170986,159518,84376,75142
10,BIHAR,Rural,Primary but below middle,2523250,1526126,997124,221322,127058,94264
10,BIHAR,Rural,Middle but below matric/secondary,1369049,884376,484673,159125,98746,60379
10,BIHAR,Rural,Matric/Secondary but below graduate,1981702,1352741,628961,362597,244008,118589
10,BIHAR,Rural,Graduate and above,560351,452499,107852,145084,118459,26625
10,BIHAR,Urban,Total,2831528,1577602,1253926,419896,243401,176495
10,BIHAR,Urban,Illiterate,421189,187096,234093,24849,11551,13298
10,BIHAR,Urban,Literate,2410339,1390506,1019833,395047,231850,163197
10,BIHAR,Urban,Literate but below primary,308801,160217,148584,29983,15091,14892
10,BIHAR,Urban,Primary but below middle,367548,192497,175051,46579,23762,22817
10,BIHAR,Urban,Middle but below matric/secondary,294584,160151,134433,45165,23966,21199
10,BIHAR,Urban,Matric/Secondary but below graduate,744035,417906,326129,140224,78202,62022
10,BIHAR,Urban,Graduate and above,577591,393931,183660,116915,81390,35525
11,SIKKIM,Total,Total,388999,213340,175659,181402,99427,81975
11,SIKKIM,Total,Illiterate,45067,18759,26308,6440,3152,3288
11,SIKKIM,Total,Literate,343932,194581,149351,174962,96275,78687
11,SIKKIM,Total,Literate but below primary,68859,40485,28374,17648,10301,7347
11,SIKKIM,Total,Primary but below middle,89611,49327,40284,36340,19752,16588
11,SIKKIM,Total,Middle but below matric/secondary,60735,32792,27943,34356,18030,16326
11,SIKKIM,Total,Matric/Secondary but below graduate,80146,45630,34516,55753,30242,25511
11,SIKKIM,Total,Graduate and above,30989,18245,12744,25264,14670,10594
11,SIKKIM,Rural,Total,274230,152062,122168,118176,65545,52631
11,SIKKIM,Rural,Illiterate,35492,14946,20546,4424,2220,2204
11,SIKKIM,Rural,Literate,238738,137116,101622,113752,63325,50427
11,SIKKIM,Rural,Literate but below primary,54675,32850,21825,13090,7822,5268
11,SIKKIM,Rural,Primary but below middle,68686,37856,30830,27885,15109,12776
11,SIKKIM,Rural,Middle but below matric/secondary,42538,22976,19562,24208,12614,11594
11,SIKKIM,Rural,Matric/Secondary but below graduate,48714,28686,20028,33573,18770,14803
11,SIKKIM,Rural,Graduate and above,13717,8333,5384,11017,6582,4435
11,SIKKIM,Urban,Total,114769,61278,53491,63226,33882,29344
11,SIKKIM,Urban,Illiterate,9575,3813,5762,2016,932,1084
11,SIKKIM,Urban,Literate,105194,57465,47729,61210,32950,28260
11,SIKKIM,Urban,Literate but below primary,14184,7635,6549,4558,2479,2079
11,SIKKIM,Urban,Primary but below middle,20925,11471,9454,8455,4643,3812
11,SIKKIM,Urban,Middle but below matric/secondary,18197,9816,8381,10148,5416,4732
11,SIKKIM,Urban,Matric/Secondary but below graduate,31432,16944,14488,22180,11472,10708
11,SIKKIM,Urban,Graduate and above,17272,9912,7360,14247,8088,6159
12,ARUNACHAL PRADESH,Total,Total,885945,478413,407532,418551,236666,181885
12,ARUNACHAL PRADESH,Total,Illiterate,223849,98840,125009,51291,24354,26937
12,ARUNACHAL PRADESH,Total,Literate,662096,379573,282523,367260,212312,154948
12,ARUNACHAL PRADESH,Total,Literate but below primary,134584,72624,61960,50930,28067,22863
12,ARUNACHAL PRADESH,Total,Primary but below middle,165631,89632,75999,83061,45491,37570
12,ARUNACHAL PRADESH,Total,Middle but below matric/secondary,130249,73482,56767,77476,43660,33816
12,ARUNACHAL PRADESH,Total,Matric/Secondary but below graduate,165717,100385,65332,109993,64580,45413
12,ARUNACHAL PRADESH,Total,Graduate and above,49106,33417,15689,38350,26036,12314
12,ARUNACHAL PRADESH,Rural,Total,658664,356907,301757,292514,168050,124464
12,ARUNACHAL PRADESH,Rural,Illiterate,189931,85851,104080,41225,20416,20809
12,ARUNACHAL PRADESH,Rural,Literate,468733,271056,197677,251289,147634,103655
12,ARUNACHAL PRADESH,Rural,Literate but below primary,106960,58444,48516,39905,22309,17596
12,ARUNACHAL PRADESH,Rural,Primary but below middle,128773,70674,58099,63767,35495,28272
12,ARUNACHAL PRADESH,Rural,Middle but below matric/secondary,93568,53401,40167,55132,31573,23559
12,ARUNACHAL PRADESH,Rural,Matric/Secondary but below graduate,101176,62936,38240,67084,40941,26143
12,ARUNACHAL PRADESH,Rural,Graduate and above,25697,18036,7661,19949,13966,5983
12,ARUNACHAL PRADESH,Urban,Total,227281,121506,105775,126037,68616,57421
12,ARUNACHAL PRADESH,Urban,Illiterate,33918,12989,20929,10066,3938,6128
12,ARUNACHAL PRADESH,Urban,Literate,193363,108517,84846,115971,64678,51293
12,ARUNACHAL PRADESH,Urban,Literate but below primary,27624,14180,13444,11025,5758,5267
12,ARUNACHAL PRADESH,Urban,Primary but below middle,36858,18958,17900,19294,9996,9298
12,ARUNACHAL PRADESH,Urban,Middle but below matric/secondary,36681,20081,16600,22344,12087,10257
12,ARUNACHAL PRADESH,Urban,Matric/Secondary but below graduate,64541,37449,27092,42909,23639,19270
12,ARUNACHAL PRADESH,Urban,Graduate and above,23409,15381,8028,18401,12070,6331
13,NAGALAND,Total,Total,1229723,661899,567824,537481,306593,230888
13,NAGALAND,Total,Illiterate,147723,71849,75874,26759,14972,11787
13,NAGALAND,Total,Literate,1082000,590050,491950,510722,291621,219101
13,NAGALAND,Total,Literate but below primary,164199,87026,77173,45863,25864,19999
13,NAGALAND,Total,Primary but below middle,259449,136250,123199,92701,52324,40377
13,NAGALAND,Total,Middle but below matric/secondary,262696,143022,119674,126198,72147,54051
13,NAGALAND,Total,Matric/Secondary but below graduate,252983,142370,110613,159089,90182,68907
13,NAGALAND,Total,Graduate and above,85223,50341,34882,63072,37533,25539
13,NAGALAND,Rural,Total,805544,437247,368297,306186,179418,126768
13,NAGALAND,Rural,Illiterate,112397,55965,56432,17381,10191,7190
13,NAGALAND,Rural,Literate,693147,381282,311865,288805,169227,119578
13,NAGALAND,Rural,Literate but below primary,116376,62032,54344,27214,15693,11521
13,NAGALAND,Rural,Primary but below middle,188216,98949,89267,59143,33727,25416
13,NAGALAND,Rural,Middle but below matric/secondary,172860,95537,77323,76016,44639,31377
13,NAGALAND,Rural,Matric/Secondary but below graduate,138723,80324,58399,84636,49781,34855
13,NAGALAND,Rural,Graduate and above,37530,23060,14470,27372,16943,10429
13,NAGALAND,Urban,Total,424179,224652,199527,231295,127175,104120
13,NAGALAND,Urban,Illiterate,35326,15884,19442,9378,4781,4597
13,NAGALAND,Urban,Literate,388853,208768,180085,221917,122394,99523
13,NAGALAND,Urban,Literate but below primary,47823,24994,22829,18649,10171,8478
13,NAGALAND,Urban,Primary but below middle,71233,37301,33932,33558,18597,14961
13,NAGALAND,Urban,Middle but below matric/secondary,89836,47485,42351,50182,27508,22674
13,NAGALAND,Urban,Matric/Secondary but below graduate,114260,62046,52214,74453,40401,34052
13,NAGALAND,Urban,Graduate and above,47693,27281,20412,35700,20590,15110
14,MANIPUR,Total,Total,1388620,760287,628333,616818,356245,260573
14,MANIPUR,Total,Illiterate,157836,68476,89360,33345,16019,17326
14,MANIPUR,Total,Literate,1230784,691811,538973,583473,340226,243247
14,MANIPUR,Total,Literate but below primary,90967,46370,44597,23006,12131,10875
14,MANIPUR,Total,Primary but below middle,174618,90159,84459,55362,29470,25892
14,MANIPUR,Total,Middle but below matric/secondary,281103,159799,121304,109817,64218,45599
14,MANIPUR,Total,Matric/Secondary but below graduate,430903,244340,186563,226839,131394,95445
14,MANIPUR,Total,Graduate and above,203343,122801,80542,145894,89653,56241
14,MANIPUR,Rural,Total,957878,527082,430796,376083,221927,154156
14,MANIPUR,Rural,Illiterate,141166,61781,79385,27795,13643,14152
14,MANIPUR,Rural,Literate,816712,465301,351411,348288,208284,140004
14,MANIPUR,Rural,Literate but below primary,70916,36294,34622,17024,9086,7938
14,MANIPUR,Rural,Primary but below middle,138803,72335,66468,41715,22638,19077
14,MANIPUR,Rural,Middle but below matric/secondary,203539,117193,86346,75897,45408,30489
14,MANIPUR,Rural,Matric/Secondary but below graduate,275000,159082,115918,137246,81476,55770
14,MANIPUR,Rural,Graduate and above,92314,59451,32863,61386,40481,20905
14,MANIPUR,Urban,Total,430742,233205,197537,240735,134318,106417
14,MANIPUR,Urban,Illiterate,16670,6695,9975,5550,2376,3174
14,MANIPUR,Urban,Literate,414072,226510,187562,235185,131942,103243
14,MANIPUR,Urban,Literate but below primary,20051,10076,9975,5982,3045,2937
14,MANIPUR,Urban,Primary but below middle,35815,17824,17991,13647,6832,6815
14,MANIPUR,Urban,Middle but below matric/secondary,77564,42606,34958,33920,18810,15110
14,MANIPUR,Urban,Matric/Secondary but below graduate,155903,85258,70645,89593,49918,39675
14,MANIPUR,Urban,Graduate and above,111029,63350,47679,84508,49172,35336
15,MIZORAM,Total,Total,309703,174164,135539,52966,34714,18252
15,MIZORAM,Total,Illiterate,18257,8802,9455,1749,1091,658
15,MIZORAM,Total,Literate,291446,165362,126084,51217,33623,17594
15,MIZORAM,Total,Literate but below primary,43421,24287,19134,4462,3004,1458
15,MIZORAM,Total,Primary but below middle,45551,26467,19084,6472,4290,2182
15,MIZORAM,Total,Middle but below matric/secondary,56906,33203,23703,8707,5955,2752
15,MIZORAM,Total,Matric/Secondary but below graduate,97447,52885,44562,18492,11732,6760
15,MIZORAM,Total,Graduate and above,44089,26311,17778,12364,8152,4212
15,MIZORAM,Rural,Total,123209,71744,51465,18117,12714,5403
15,MIZORAM,Rural,Illiterate,14710,7075,7635,1294,849,445
15,MIZORAM,Rural,Literate,108499,64669,43830,16823,11865,4958
15,MIZORAM,Rural,Literate but below primary,29349,16564,12785,2649,1888,761
15,MIZORAM,Rural,Primary but below middle,25902,15161,10741,3480,2300,1180
15,MIZORAM,Rural,Middle but below matric/secondary,22037,13211,8826,3478,2477,1001
15,MIZORAM,Rural,Matric/Secondary but below graduate,21593,13294,8299,4829,3456,1373
15,MIZORAM,Rural,Graduate and above,7476,5234,2242,2025,1488,537
15,MIZORAM,Urban,Total,186494,102420,84074,34849,22000,12849
15,MIZORAM,Urban,Illiterate,3547,1727,1820,455,242,213
15,MIZORAM,Urban,Literate,182947,100693,82254,34394,21758,12636
15,MIZORAM,Urban,Literate but below primary,14072,7723,6349,1813,1116,697
15,MIZORAM,Urban,Primary but below middle,19649,11306,8343,2992,1990,1002
15,MIZORAM,Urban,Middle but below matric/secondary,34869,19992,14877,5229,3478,1751
15,MIZORAM,Urban,Matric/Secondary but below graduate,75854,39591,36263,13663,8276,5387
15,MIZORAM,Urban,Graduate and above,36613,21077,15536,10339,6664,3675
16,TRIPURA,Total,Total,1268601,713499,555102,198577,129143,69434
16,TRIPURA,Total,Illiterate,157603,60934,96669,6764,3505,3259
16,TRIPURA,Total,Literate,1110998,652565,458433,191813,125638,66175
16,TRIPURA,Total,Literate but below primary,224328,119067,105261,13266,8081,5185
16,TRIPURA,Total,Primary but below middle,237263,135156,102107,21125,12974,8151
16,TRIPURA,Total,Middle but below matric/secondary,233365,139426,93939,35172,23134,12038
16,TRIPURA,Total,Matric/Secondary but below graduate,251362,159744,91618,67567,45211,22356
16,TRIPURA,Total,Graduate and above,97104,63693,33411,46599,31156,15443
16,TRIPURA,Rural,Total,998741,554074,444667,111473,75094,36379
16,TRIPURA,Rural,Illiterate,150405,57644,92761,5974,3015,2959
16,TRIPURA,Rural,Literate,848336,496430,351906,105499,72079,33420
16,TRIPURA,Rural,Literate but below primary,207704,110233,97471,11081,6860,4221
16,TRIPURA,Rural,Primary but below middle,210629,120457,90172,16669,10601,6068
16,TRIPURA,Rural,Middle but below matric/secondary,185514,111135,74379,25783,17604,8179
16,TRIPURA,Rural,Matric/Secondary but below graduate,157836,103301,54535,35673,25316,10357
16,TRIPURA,Rural,Graduate and above,31088,22831,8257,11763,8827,2936
16,TRIPURA,Urban,Total,269860,159425,110435,87104,54049,33055
16,TRIPURA,Urban,Illiterate,7198,3290,3908,790,490,300
16,TRIPURA,Urban,Literate,262662,156135,106527,86314,53559,32755
16,TRIPURA,Urban,Literate but below primary,16624,8834,7790,2185,1221,964
16,TRIPURA,Urban,Primary but below middle,26634,14699,11935,4456,2373,2083
16,TRIPURA,Urban,Middle but below matric/secondary,47851,28291,19560,9389,5530,3859
16,TRIPURA,Urban,Matric/Secondary but below graduate,93526,56443,37083,31894,19895,11999
16,TRIPURA,Urban,Graduate and above,66016,40862,25154,34836,22329,12507
17,MEGHALAYA,Total,Total,822320,441080,381240,274931,160749,114182
17,MEGHALAYA,Total,Illiterate,95406,48921,46485,20821,11778,9043
17,MEGHALAYA,Total,Literate,726914,392159,334755,254110,148971,105139
17,MEGHALAYA,Total,Literate but below primary,112607,62659,49948,22594,13718,8876
17,MEGHALAYA,Total,Primary but below middle,136532,72716,63816,36099,20970,15129
17,MEGHALAYA,Total,Middle but below matric/secondary,157906,84385,73521,54597,32065,22532
17,MEGHALAYA,Total,Matric/Secondary but below graduate,212288,115625,96663,89176,52994,36182
17,MEGHALAYA,Total,Graduate and above,80931,41497,39434,42483,23488,18995
17,MEGHALAYA,Rural,Total,473698,263006,210692,123303,78030,45273
17,MEGHALAYA,Rural,Illiterate,76311,40556,35755,15825,9148,6677
17,MEGHALAYA,Rural,Literate,397387,222450,174937,107478,68882,38596
17,MEGHALAYA,Rural,Literate but below primary,80895,46629,34266,13781,9039,4742
17,MEGHALAYA,Rural,Primary but below middle,88357,48620,39737,19507,12216,7291
17,MEGHALAYA,Rural,Middle but below matric/secondary,86128,46980,39148,24513,15478,9035
17,MEGHALAYA,Rural,Matric/Secondary but below graduate,101748,57203,44545,35888,23128,12760
17,MEGHALAYA,Rural,Graduate and above,22296,12266,10030,8656,5524,3132
17,MEGHALAYA,Urban,Total,348622,178074,170548,151628,82719,68909
17,MEGHALAYA,Urban,Illiterate,19095,8365,10730,4996,2630,2366
17,MEGHALAYA,Urban,Literate,329527,169709,159818,146632,80089,66543
17,MEGHALAYA,Urban,Literate but below primary,31712,16030,15682,8813,4679,4134
17,MEGHALAYA,Urban,Primary but below middle,48175,24096,24079,16592,8754,7838
17,MEGHALAYA,Urban,Middle but below matric/secondary,71778,37405,34373,30084,16587,13497
17,MEGHALAYA,Urban,Matric/Secondary but below graduate,110540,58422,52118,53288,29866,23422
17,MEGHALAYA,Urban,Graduate and above,58635,29231,29404,33827,17964,15863
18,ASSAM,Total,Total,14460591,7979404,6481187,4352497,2636287,1716210
18,ASSAM,Total,Illiterate,3535104,1623127,1911977,386629,207046,179583
18,ASSAM,Total,Literate,10925487,6356277,4569210,3965868,2429241,1536627
18,ASSAM,Total,Literate but below primary,2033552,1167955,865597,282874,183103,99771
18,ASSAM,Total,Primary but below middle,2332236,1322162,1010074,586216,357035,229181
18,ASSAM,Total,Middle but below matric/secondary,2440117,1354871,1085246,885612,510235,375377
18,ASSAM,Total,Matric/Secondary but below graduate,2751093,1655032,1096061,1410644,863314,547330
18,ASSAM,Total,Graduate and above,865417,555193,310224,631738,408343,223395
18,ASSAM,Rural,Total,11781858,6506486,5275372,2969373,1835672,1133701
18,ASSAM,Rural,Illiterate,3314223,1530134,1784089,333847,182288,151559
18,ASSAM,Rural,Literate,8467635,4976352,3491283,2635526,1653384,982142
18,ASSAM,Rural,Literate but below primary,1798391,1039949,758442,212316,142045,70271
18,ASSAM,Rural,Primary but below middle,1971546,1122292,849254,445131,274238,170893
18,ASSAM,Rural,Middle but below matric/secondary,1952335,1092028,860307,657567,382751,274816
18,ASSAM,Rural,Matric/Secondary but below graduate,1919016,1188136,730880,919210,580912,338298
18,ASSAM,Rural,Graduate and above,412293,282354,129939,278081,192905,85176
18,ASSAM,Urban,Total,2678733,1472918,1205815,1383124,800615,582509
18,ASSAM,Urban,Illiterate,220881,92993,127888,52782,24758,28024
18,ASSAM,Urban,Literate,2457852,1379925,1077927,1330342,775857,554485
18,ASSAM,Urban,Literate but below primary,235161,128006,107155,70558,41058,29500
18,ASSAM,Urban,Primary but below middle,360690,199870,160820,141085,82797,58288
18,ASSAM,Urban,Middle but below matric/secondary,487782,262843,224939,228045,127484,100561
18,ASSAM,Urban,Matric/Secondary but below graduate,832077,466896,365181,491434,282402,209032
18,ASSAM,Urban,Graduate and above,453124,272839,180285,353657,215438,138219
19,WEST BENGAL,Total,Total,15025848,8782338,6243510,2881005,1789355,1091650
19,WEST BENGAL,Total,Illiterate,2353411,1023130,1330281,123026,63291,59735
19,WEST BENGAL,Total,Literate,12672437,7759208,4913229,2757979,1726064,1031915
19,WEST BENGAL,Total,Literate but below primary,1625538,953293,672245,110205,66187,44018
19,WEST BENGAL,Total,Primary but below middle,1871681,1103954,767727,181283,106239,75044
19,WEST BENGAL,Total,Middle but below matric/secondary,2170761,1312848,857913,299211,178436,120775
19,WEST BENGAL,Total,Matric/Secondary but below graduate,3722084,2306097,1415987,914310,574168,340142
19,WEST BENGAL,Total,Graduate and above,2891385,1845473,1045912,1181315,755511,425804
19,WEST BENGAL,Rural,Total,6968587,4098221,2870366,664075,447876,216199
19,WEST BENGAL,Rural,Illiterate,1715221,730520,984701,61790,32103,29687
19,WEST BENGAL,Rural,Literate,5253366,3367701,1885665,602285,415773,186512
19,WEST BENGAL,Rural,Literate but below primary,1036960,618934,418026,46621,30401,16220
19,WEST BENGAL,Rural,Primary but below middle,1027919,624723,403196,64049,40789,23260
19,WEST BENGAL,Rural,Middle but below matric/secondary,1084070,677646,406424,105753,67569,38184
19,WEST BENGAL,Rural,Matric/Secondary but below graduate,1361537,906742,454795,219710,152079,67631
19,WEST BENGAL,Rural,Graduate and above,579951,435809,144142,150347,113733,36614
19,WEST BENGAL,Urban,Total,8057261,4684117,3373144,2216930,1341479,875451
19,WEST BENGAL,Urban,Illiterate,638190,292610,345580,61236,31188,30048
19,WEST BENGAL,Urban,Literate,7419071,4391507,3027564,2155694,1310291,845403
19,WEST BENGAL,Urban,Literate but below primary,588578,334359,254219,63584,35786,27798
19,WEST BENGAL,Urban,Primary but below middle,843762,479231,364531,117234,65450,51784
19,WEST BENGAL,Urban,Middle but below matric/secondary,1086691,635202,451489,193458,110867,82591
19,WEST BENGAL,Urban,Matric/Secondary but below graduate,2360547,1399355,961192,694600,422089,272511
19,WEST BENGAL,Urban,Graduate and above,2311434,1409664,901770,1030968,641778,389190
20,JHARKHAND,Total,Total,10000720,5474214,4526506,1593039,965960,627079
20,JHARKHAND,Total,Illiterate,2530451,1010769,1519682,205356,96384,108972
20,JHARKHAND,Total,Literate,7470269,4463445,3006824,1387683,869576,518107
20,JHARKHAND,Total,Literate but below primary,1487506,803680,683826,130303,73257,57046
20,JHARKHAND,Total,Primary but below middle,1848488,1070320,778168,240022,142350,97672
20,JHARKHAND,Total,Middle but below matric/secondary,1278484,780678,497806,228110,141681,86429
20,JHARKHAND,Total,Matric/Secondary but below graduate,1806879,1136177,670702,475518,305803,169715
20,JHARKHAND,Total,Graduate and above,755946,495502,260444,266852,175025,91827
20,JHARKHAND,Rural,Total,6988351,3838416,3149935,932202,587017,345185
20,JHARKHAND,Rural,Illiterate,2129053,855442,1273611,170770,81999,88771
20,JHARKHAND,Rural,Literate,4859298,2982974,1876324,761432,505018,256414
20,JHARKHAND,Rural,Literate but below primary,1182604,643872,538732,95929,55183,40746
20,JHARKHAND,Rural,Primary but below middle,1432444,854692,577752,178881,110373,68508
20,JHARKHAND,Rural,Middle but below matric/secondary,904795,576575,328220,157440,102922,54518
20,JHARKHAND,Rural,Matric/Secondary but below graduate,923303,624854,298449,230262,162065,68197
20,JHARKHAND,Rural,Graduate and above,192133,144138,47995,66694,51930,14764
20,JHARKHAND,Urban,Total,3012369,1635798,1376571,660837,378943,281894
20,JHARKHAND,Urban,Illiterate,401398,155327,246071,34586,14385,20201
20,JHARKHAND,Urban,Literate,2610971,1480471,1130500,626251,364558,261693
20,JHARKHAND,Urban,Literate but below primary,304902,159808,145094,34374,18074,16300
20,JHARKHAND,Urban,Primary but below middle,416044,215628,200416,61141,31977,29164
20,JHARKHAND,Urban,Middle but below matric/secondary,373689,204103,169586,70670,38759,31911
20,JHARKHAND,Urban,Matric/Secondary but below graduate,883576,511323,372253,245256,143738,101518
20,JHARKHAND,Urban,Graduate and above,563813,351364,212449,200158,123095,77063
21,ODISHA,Total,Total,13825024,7865598,5959426,5525278,3359211,2166067
21,ODISHA,Total,Illiterate,2221324,915063,1306261,243657,119586,124071
21,ODISHA,Total,Literate,11603700,6950535,4653165,5281621,3239625,2041996
21,ODISHA,Total,Literate but below primary,1188507,664665,523842,166336,96104,70232
21,ODISHA,Total,Primary but below middle,2320860,1317857,1003003,549352,310427,238925
21,ODISHA,Total,Middle but below matric/secondary,2536339,1501133,1035206,1035768,607676,428092
21,ODISHA,Total,Matric/Secondary but below graduate,3700300,2265703,1434597,2217234,1363533,853701
21,ODISHA,Total,Graduate and above,1547726,1023095,524631,1190427,790523,399904
21,ODISHA,Rural,Total,10031393,5740445,4290948,3361065,2102935,1258130
21,ODISHA,Rural,Illiterate,1947634,802394,1145240,188128,93227,94901
21,ODISHA,Rural,Literate,8083759,4938051,3145708,3172937,2009708,1163229
21,ODISHA,Rural,Literate but below primary,950711,538738,411973,97957,59047,38910
21,ODISHA,Rural,Primary but below middle,1808396,1049323,759073,372813,218574,154239
21,ODISHA,Rural,Middle but below matric/secondary,1987724,1192755,794969,775502,463075,312427
21,ODISHA,Rural,Matric/Secondary but below graduate,2394585,1515803,878782,1344111,859775,484336
21,ODISHA,Rural,Graduate and above,722716,510388,212328,510468,364185,146283
21,ODISHA,Urban,Total,3793631,2125153,1668478,2164213,1256276,907937
21,ODISHA,Urban,Illiterate,273690,112669,161021,55529,26359,29170
21,ODISHA,Urban,Literate,3519941,2012484,1507457,2108684,1229917,878767
21,ODISHA,Urban,Literate but below primary,237796,125927,111869,68379,37057,31322
21,ODISHA,Urban,Primary but below middle,512464,268534,243930,176539,91853,84686
21,ODISHA,Urban,Middle but below matric/secondary,548615,308378,240237,260266,144601,115665
21,ODISHA,Urban,Matric/Secondary but below graduate,1305715,749900,555815,873123,503758,369365
21,ODISHA,Urban,Graduate and above,825010,512707,312303,679959,426338,253621
22,CHHATTISGARH,Total,Total,3384223,1820621,1563602,422569,245150,177419
22,CHHATTISGARH,Total,Illiterate,784282,330205,454077,59368,29505,29863
22,CHHATTISGARH,Total,Literate,2599941,1490416,1109525,363201,215645,147556
22,CHHATTISGARH,Total,Literate but below primary,495554,274286,221268,30086,17499,12587
22,CHHATTISGARH,Total,Primary but below middle,603335,335860,267475,49624,29333,20291
22,CHHATTISGARH,Total,Middle but below matric/secondary,469569,271237,198332,50954,30515,20439
22,CHHATTISGARH,Total,Matric/Secondary but below graduate,593625,354090,239535,112724,68311,44413
22,CHHATTISGARH,Total,Graduate and above,368334,215633,152701,111211,64758,46453
22,CHHATTISGARH,Rural,Total,2094811,1139954,954857,197443,119521,77922
22,CHHATTISGARH,Rural,Illiterate,653036,281748,371288,52972,26569,26403
22,CHHATTISGARH,Rural,Literate,1441775,858206,583569,144471,92952,51519
22,CHHATTISGARH,Rural,Literate but below primary,376157,211742,164415,21925,13224,8701
22,CHHATTISGARH,Rural,Primary but below middle,431261,247996,183265,34879,21717,13162
22,CHHATTISGARH,Rural,Middle but below matric/secondary,313460,188444,125016,32852,20787,12065
22,CHHATTISGARH,Rural,Matric/Secondary but below graduate,218987,143562,75425,35228,23681,11547
22,CHHATTISGARH,Rural,Graduate and above,56229,39426,16803,14853,10479,4374
22,CHHATTISGARH,Urban,Total,1289412,680667,608745,225126,125629,99497
22,CHHATTISGARH,Urban,Illiterate,131246,48457,82789,6396,2936,3460
22,CHHATTISGARH,Urban,Literate,1158166,632210,525956,218730,122693,96037
22,CHHATTISGARH,Urban,Literate but below primary,119397,62544,56853,8161,4275,3886
22,CHHATTISGARH,Urban,Primary but below middle,172074,87864,84210,14745,7616,7129
22,CHHATTISGARH,Urban,Middle but below matric/secondary,156109,82793,73316,18102,9728,8374
22,CHHATTISGARH,Urban,Matric/Secondary but below graduate,374638,210528,164110,77496,44630,32866
22,CHHATTISGARH,Urban,Graduate and above,312105,176207,135898,96358,54279,42079
23,MADHYA PRADESH,Total,Total,9808682,5474699,4333983,1257953,758130,499823
23,MADHYA PRADESH,Total,Illiterate,1959490,849482,1110008,50262,25029,25233
23,MADHYA PRADESH,Total,Literate,7849192,4625217,3223975,1207691,733101,474590
23,MADHYA PRADESH,Total,Literate but below primary,1152098,636947,515151,39515,21778,17737
23,MADHYA PRADESH,Total,Primary but below middle,1429094,796041,633053,127166,69242,57924
23,MADHYA PRADESH,Total,Middle but below matric/secondary,1226704,713680,513024,218482,129458,89024
23,MADHYA PRADESH,Total,Matric/Secondary but below graduate,2126963,1309069,817894,431971,272078,159893
23,MADHYA PRADESH,Total,Graduate and above,1669739,1028694,641045,360645,222747,137898
23,MADHYA PRADESH,Rural,Total,5329355,2994271,2335084,562738,366897,195841
23,MADHYA PRADESH,Rural,Illiterate,1643236,717711,925525,35336,17432,17904
23,MADHYA PRADESH,Rural,Literate,3686119,2276560,1409559,527402,349465,177937
23,MADHYA PRADESH,Rural,Literate but below primary,853816,477193,376623,19984,11585,8399
23,MADHYA PRADESH,Rural,Primary but below middle,928873,532535,396338,80918,45498,35420
23,MADHYA PRADESH,Rural,Middle but below matric/secondary,724042,446280,277762,149989,93275,56714
23,MADHYA PRADESH,Rural,Matric/Secondary but below graduate,773890,532679,241211,190005,133626,56379
23,MADHYA PRADESH,Rural,Graduate and above,277961,209457,68504,73854,56971,16883
23,MADHYA PRADESH,Urban,Total,4479327,2480428,1998899,695215,391233,303982
23,MADHYA PRADESH,Urban,Illiterate,316254,131771,184483,14926,7597,7329
23,MADHYA PRADESH,Urban,Literate,4163073,2348657,1814416,680289,383636,296653
23,MADHYA PRADESH,Urban,Literate but below primary,298282,159754,138528,19531,10193,9338
23,MADHYA PRADESH,Urban,Primary but below middle,500221,263506,236715,46248,23744,22504
23,MADHYA PRADESH,Urban,Middle but below matric/secondary,502662,267400,235262,68493,36183,32310
23,MADHYA PRADESH,Urban,Matric/Secondary but below graduate,1353073,776390,576683,241966,138452,103514
23,MADHYA PRADESH,Urban,Graduate and above,1391778,819237,572541,286791,165776,121015
24,GUJARAT,Total,Total,25892341,15059742,10832599,8570571,5181262,3389309
24,GUJARAT,Total,Illiterate,1490989,638947,852042,195021,100795,94226
24,GUJARAT,Total,Literate,24401352,14420795,9980557,8375550,5080467,3295083
24,GUJARAT,Total,Literate but below primary,1777284,976789,800495,247338,138848,108490
24,GUJARAT,Total,Primary but below middle,5419479,2897500,2521979,874526,472367,402159
24,GUJARAT,Total,Middle but below matric/secondary,4599919,2881672,1718247,1102143,685441,416702
24,GUJARAT,Total,Matric/Secondary but below graduate,8376371,5187076,3189295,3591482,2238766,1352716
24,GUJARAT,Total,Graduate and above,2975402,1774035,1201367,2184869,1325774,859095
24,GUJARAT,Rural,Total,11448340,6972590,4475750,3031288,1968947,1062341
24,GUJARAT,Rural,Illiterate,665492,290608,374884,64908,35518,29390
24,GUJARAT,Rural,Literate,10782848,6681982,4100866,2966380,1933429,1032951
24,GUJARAT,Rural,Literate but below primary,728298,414752,313546,64256,38531,25725
24,GUJARAT,Rural,Primary but below middle,2962551,1627445,1335106,421281,234090,187191
24,GUJARAT,Rural,Middle but below matric/secondary,2386370,1549411,836959,540591,350856,189735
24,GUJARAT,Rural,Matric/Secondary but below graduate,3497410,2322416,1174994,1390148,935822,454326
24,GUJARAT,Rural,Graduate and above,619071,418602,200469,406289,282885,123404
24,GUJARAT,Urban,Total,14444001,8087152,6356849,5539283,3212315,2326968
24,GUJARAT,Urban,Illiterate,825497,348339,477158,130113,65277,64836
24,GUJARAT,Urban,Literate,13618504,7738813,5879691,5409170,3147038,2262132
24,GUJARAT,Urban,Literate but below primary,1048986,562037,486949,183082,100317,82765
24,GUJARAT,Urban,Primary but below middle,2456928,1270055,1186873,453245,238277,214968
24,GUJARAT,Urban,Middle but below matric/secondary,2213549,1332261,881288,561552,334585,226967
24,GUJARAT,Urban,Matric/Secondary but below graduate,4878961,2864660,2014301,2201334,1302944,898390
24,GUJARAT,Urban,Graduate and above,2356331,1355433,1000898,1778580,1042889,735691
25,DAMAN & DIU,Total,Total,116629,71260,45369,34602,21856,12746
25,DAMAN & DIU,Total,Illiterate,5710,2499,3211,640,288,352
25,DAMAN & DIU,Total,Literate,110919,68761,42158,33962,21568,12394
25,DAMAN & DIU,Total,Literate but below primary,9921,5645,4276,1547,858,689
25,DAMAN & DIU,Total,Primary but below middle,20308,11661,8647,3172,1779,1393
25,DAMAN & DIU,Total,Middle but below matric/secondary,19522,11984,7538,4092,2518,1574
25,DAMAN & DIU,Total,Matric/Secondary but below graduate,46586,30210,16376,17094,11273,5821
25,DAMAN & DIU,Total,Graduate and above,11072,7080,3992,7021,4485,2536
25,DAMAN & DIU,Rural,Total,28799,16788,12011,7809,4991,2818
25,DAMAN & DIU,Rural,Illiterate,1153,411,742,87,49,38
25,DAMAN & DIU,Rural,Literate,27646,16377,11269,7722,4942,2780
25,DAMAN & DIU,Rural,Literate but below primary,2364,1324,1040,227,128,99
25,DAMAN & DIU,Rural,Primary but below middle,6366,3626,2740,779,454,325
25,DAMAN & DIU,Rural,Middle but below matric/secondary,5897,3382,2515,1180,751,429
25,DAMAN & DIU,Rural,Matric/Secondary but below graduate,10657,6462,4195,4270,2698,1572
25,DAMAN & DIU,Rural,Graduate and above,1532,1110,422,1051,780,271
25,DAMAN & DIU,Urban,Total,87830,54472,33358,26793,16865,9928
25,DAMAN & DIU,Urban,Illiterate,4557,2088,2469,553,239,314
25,DAMAN & DIU,Urban,Literate,83273,52384,30889,26240,16626,9614
25,DAMAN & DIU,Urban,Literate but below primary,7557,4321,3236,1320,730,590
25,DAMAN & DIU,Urban,Primary but below middle,13942,8035,5907,2393,1325,1068
25,DAMAN & DIU,Urban,Middle but below matric/secondary,13625,8602,5023,2912,1767,1145
25,DAMAN & DIU,Urban,Matric/Secondary but below graduate,35929,23748,12181,12824,8575,4249
25,DAMAN & DIU,Urban,Graduate and above,9540,5970,3570,5970,3705,2265
26,DADRA & NAGAR HAVELI,Total,Total,198983,113211,85772,71516,44256,27260
26,DADRA & NAGAR HAVELI,Total,Illiterate,39891,15756,24135,7444,3719,3725
26,DADRA & NAGAR HAVELI,Total,Literate,159092,97455,61637,64072,40537,23535
26,DADRA & NAGAR HAVELI,Total,Literate but below primary,29954,16680,13274,6989,4223,2766
26,DADRA & NAGAR HAVELI,Total,Primary but below middle,35430,20418,15012,13640,8131,5509
26,DADRA & NAGAR HAVELI,Total,Middle but below matric/secondary,25419,15736,9683,10898,6781,4117
26,DADRA & NAGAR HAVELI,Total,Matric/Secondary but below graduate,43159,28928,14231,19336,13125,6211
26,DADRA & NAGAR HAVELI,Total,Graduate and above,16465,10213,6252,9958,6146,3812
26,DADRA & NAGAR HAVELI,Rural,Total,110332,61309,49023,39658,24897,14761
26,DADRA & NAGAR HAVELI,Rural,Illiterate,33242,13268,19974,6390,3309,3081
26,DADRA & NAGAR HAVELI,Rural,Literate,77090,48041,29049,33268,21588,11680
26,DADRA & NAGAR HAVELI,Rural,Literate but below primary,20910,11754,9156,4543,2865,1678
26,DADRA & NAGAR HAVELI,Rural,Primary but below middle,22070,13115,8955,10051,6098,3953
26,DADRA & NAGAR HAVELI,Rural,Middle but below matric/secondary,13272,8440,4832,7487,4741,2746
26,DADRA & NAGAR HAVELI,Rural,Matric/Secondary but below graduate,13987,10092,3895,7798,5564,2234
26,DADRA & NAGAR HAVELI,Rural,Graduate and above,2706,1852,854,1734,1174,560
26,DADRA & NAGAR HAVELI,Urban,Total,88651,51902,36749,31858,19359,12499
26,DADRA & NAGAR HAVELI,Urban,Illiterate,6649,2488,4161,1054,410,644
26,DADRA & NAGAR HAVELI,Urban,Literate,82002,49414,32588,30804,18949,11855
26,DADRA & NAGAR HAVELI,Urban,Literate but below primary,9044,4926,4118,2446,1358,1088
26,DADRA & NAGAR HAVELI,Urban,Primary but below middle,13360,7303,6057,3589,2033,1556
26,DADRA & NAGAR HAVELI,Urban,Middle but below matric/secondary,12147,7296,4851,3411,2040,1371
26,DADRA & NAGAR HAVELI,Urban,Matric/Secondary but below graduate,29172,18836,10336,11538,7561,3977
26,DADRA & NAGAR HAVELI,Urban,Graduate and above,13759,8361,5398,8224,4972,3252
27,MAHARASHTRA,Total,Total,57419861,32034959,25384902,19724729,11455478,8269251
27,MAHARASHTRA,Total,Illiterate,5381503,2233713,3147790,873460,432060,441400
27,MAHARASHTRA,Total,Literate,52038358,29801246,22237112,18851269,11023418,7827851
27,MAHARASHTRA,Total,Literate but below primary,5566067,3037678,2528389,915379,505449,409930
27,MAHARASHTRA,Total,Primary but below middle,9102453,4684463,4417990,1869040,975779,893261
27,MAHARASHTRA,Total,Middle but below matric/secondary,8378827,4806073,3572754,2029929,1157224,872705
27,MAHARASHTRA,Total,Matric/Secondary but below graduate,18860305,11332200,7528105,7782603,4680955,3101648
27,MAHARASHTRA,Total,Graduate and above,7921549,4719716,3201833,5598022,3317671,2280351
27,MAHARASHTRA,Rural,Total,24378668,14180104,10198564,6072975,3791321,2281654
27,MAHARASHTRA,Rural,Illiterate,2830862,1159918,1670944,349555,170231,179324
27,MAHARASHTRA,Rural,Literate,21547806,13020186,8527620,5723420,3621090,2102330
27,MAHARASHTRA,Rural,Literate but below primary,2717536,1558563,1158973,308595,183458,125137
27,MAHARASHTRA,Rural,Primary but below middle,4259255,2279396,1979859,695672,374236,321436
27,MAHARASHTRA,Rural,Middle but below matric/secondary,4074244,2417178,1657066,818872,480577,338295
27,MAHARASHTRA,Rural,Matric/Secondary but below graduate,7655743,4881720,2774023,2573484,1649602,923882
27,MAHARASHTRA,Rural,Graduate and above,1747122,1255289,491833,1086804,781784,305020
27,MAHARASHTRA,Urban,Total,33041193,17854855,15186338,13651754,7664157,5987597
27,MAHARASHTRA,Urban,Illiterate,2550641,1073795,1476846,523905,261829,262076
27,MAHARASHTRA,Urban,Literate,30490552,16781060,13709492,13127849,7402328,5725521
27,MAHARASHTRA,Urban,Literate but below primary,2848531,1479115,1369416,606784,321991,284793
27,MAHARASHTRA,Urban,Primary but below middle,4843198,2405067,2438131,1173368,601543,571825
27,MAHARASHTRA,Urban,Middle but below matric/secondary,4304583,2388895,1915688,1211057,676647,534410
27,MAHARASHTRA,Urban,Matric/Secondary but below graduate,11204562,6450480,4754082,5209119,3031353,2177766
27,MAHARASHTRA,Urban,Graduate and above,6174427,3464427,2710000,4511218,2535887,1975331
28,ANDHRA PRADESH,Total,Total,21583334,12193992,9389342,6344376,3836382,2507994
28,ANDHRA PRADESH,Total,Illiterate,3774605,1564308,2210297,294933,138416,156517
28,ANDHRA PRADESH,Total,Literate,17808729,10629684,7179045,6049443,3697966,2351477
28,ANDHRA PRADESH,Total,Literate but below primary,1305684,713427,592257,158933,88292,70641
28,ANDHRA PRADESH,Total,Primary but below middle,2871857,1563603,1308254,531684,285726,245958
28,ANDHRA PRADESH,Total,Middle but below matric/secondary,1678563,924228,754335,512545,275622,236923
28,ANDHRA PRADESH,Total,Matric/Secondary but below graduate,6809700,4115656,2694044,2493054,1506000,987054
28,ANDHRA PRADESH,Total,Graduate and above,4136962,2700385,1436577,2067722,1362725,704997
28,ANDHRA PRADESH,Rural,Total,10862432,6180282,4682150,2361512,1475239,886273
28,ANDHRA PRADESH,Rural,Illiterate,2719460,1126089,1593371,149911,72119,77792
28,ANDHRA PRADESH,Rural,Literate,8142972,5054193,3088779,2211601,1403120,808481
28,ANDHRA PRADESH,Rural,Literate but below primary,756198,421032,335166,56782,33651,23131
28,ANDHRA PRADESH,Rural,Primary but below middle,1572325,889415,682910,244824,136561,108263
28,ANDHRA PRADESH,Rural,Middle but below matric/secondary,938869,538254,400615,270486,150751,119735
28,ANDHRA PRADESH,Rural,Matric/Secondary but below graduate,3194186,2033155,1161031,1058410,667234,391176
28,ANDHRA PRADESH,Rural,Graduate and above,1225232,881388,343844,480903,348487,132416
28,ANDHRA PRADESH,Urban,Total,10720902,6013710,4707192,3982864,2361143,1621721
28,ANDHRA PRADESH,Urban,Illiterate,1055145,438219,616926,145022,66297,78725
28,ANDHRA PRADESH,Urban,Literate,9665757,5575491,4090266,3837842,2294846,1542996
28,ANDHRA PRADESH,Urban,Literate but below primary,549486,292395,257091,102151,54641,47510
28,ANDHRA PRADESH,Urban,Primary but below middle,1299532,674188,625344,286860,149165,137695
28,ANDHRA PRADESH,Urban,Middle but below matric/secondary,739694,385974,353720,242059,124871,117188
28,ANDHRA PRADESH,Urban,Matric/Secondary but below graduate,3615514,2082501,1533013,1434644,838766,595878
28,ANDHRA PRADESH,Urban,Graduate and above,2911730,1818997,1092733,1586819,1014238,572581
29,KARNATAKA,Total,Total,24252594,13032885,11219709,7832129,4519095,3313034
29,KARNATAKA,Total,Illiterate,4175026,1659702,2515324,520391,234257,286134
29,KARNATAKA,Total,Literate,20077568,11373183,8704385,7311738,4284838,3026900
29,KARNATAKA,Total,Literate but below primary,2414833,1292103,1122730,423201,233894,189307
29,KARNATAKA,Total,Primary but below middle,4024408,2130237,1894171,946713,521828,424885
29,KARNATAKA,Total,Middle but below matric/secondary,2309722,1293760,1015962,679256,385569,293687
29,KARNATAKA,Total,Matric/Secondary but below graduate,6944192,4044512,2899680,2906755,1722349,1184406
29,KARNATAKA,Total,Graduate and above,3231356,1967651,1263705,1978824,1198529,780295
29,KARNATAKA,Rural,Total,10742452,5798397,4944055,2048187,1236259,811928
29,KARNATAKA,Rural,Illiterate,2690722,1059309,1631413,211275,94529,116746
29,KARNATAKA,Rural,Literate,8051730,4739088,3312642,1836912,1141730,695182
29,KARNATAKA,Rural,Literate but below primary,1279179,699765,579414,132343,77020,55323
29,KARNATAKA,Rural,Primary but below middle,1989028,1083635,905393,323202,183953,139249
29,KARNATAKA,Rural,Middle but below matric/secondary,1120007,658092,461915,237999,142328,95671
29,KARNATAKA,Rural,Matric/Secondary but below graduate,2528587,1568681,959906,756542,478777,277765
29,KARNATAKA,Rural,Graduate and above,586783,409830,176953,265396,182825,82571
29,KARNATAKA,Urban,Total,13510142,7234488,6275654,5783942,3282836,2501106
29,KARNATAKA,Urban,Illiterate,1484304,600393,883911,309116,139728,169388
29,KARNATAKA,Urban,Literate,12025838,6634095,5391743,5474826,3143108,2331718
29,KARNATAKA,Urban,Literate but below primary,1135654,592338,543316,290858,156874,133984
29,KARNATAKA,Urban,Primary but below middle,2035380,1046602,988778,623511,337875,285636
29,KARNATAKA,Urban,Middle but below matric/secondary,1189715,635668,554047,441257,243241,198016
29,KARNATAKA,Urban,Matric/Secondary but below graduate,4415605,2475831,1939774,2150213,1243572,906641
29,KARNATAKA,Urban,Graduate and above,2644573,1557821,1086752,1713428,1015704,697724
30,GOA,Total,Total,1126152,587384,538768,741249,395322,345927
30,GOA,Total,Illiterate,74540,29238,45302,26275,11158,15117
30,GOA,Total,Literate,1051612,558146,493466,714974,384164,330810
30,GOA,Total,Literate but below primary,128868,64512,64356,50784,26197,24587
30,GOA,Total,Primary but below middle,160481,83107,77374,91921,48542,43379
30,GOA,Total,Middle but below matric/secondary,153587,83760,69827,107150,58697,48453
30,GOA,Total,Matric/Secondary but below graduate,384028,215371,168657,295303,165236,130067
30,GOA,Total,Graduate and above,143160,72270,70890,118244,59684,58560
30,GOA,Rural,Total,412842,215406,197436,261781,141675,120106
30,GOA,Rural,Illiterate,26828,9948,16880,7857,3276,4581
30,GOA,Rural,Literate,386014,205458,180556,253924,138399,115525
30,GOA,Rural,Literate but below primary,53792,27214,26578,17469,9085,8384
30,GOA,Rural,Primary but below middle,64992,33666,31326,35989,19157,16832
30,GOA,Rural,Middle but below matric/secondary,68516,37463,31053,48490,26768,21722
30,GOA,Rural,Matric/Secondary but below graduate,132584,74669,57915,104125,59130,44995
30,GOA,Rural,Graduate and above,33777,16920,16857,28157,14183,13974
30,GOA,Urban,Total,713310,371978,341332,479468,253647,225821
30,GOA,Urban,Illiterate,47712,19290,28422,18418,7882,10536
30,GOA,Urban,Literate,665598,352688,312910,461050,245765,215285
30,GOA,Urban,Literate but below primary,75076,37298,37778,33315,17112,16203
30,GOA,Urban,Primary but below middle,95489,49441,46048,55932,29385,26547
30,GOA,Urban,Middle but below matric/secondary,85071,46297,38774,58660,31929,26731
30,GOA,Urban,Matric/Secondary but below graduate,251444,140702,110742,191178,106106,85072
30,GOA,Urban,Graduate and above,109383,55350,54033,90087,45501,44586
31,LAKSHADWEEP,Total,Total,18553,11338,7215,9981,6435,3546
31,LAKSHADWEEP,Total,Illiterate,237,158,79,87,55,32
31,LAKSHADWEEP,Total,Literate,18316,11180,7136,9894,6380,3514
31,LAKSHADWEEP,Total,Literate but below primary,827,477,350,224,174,50
31,LAKSHADWEEP,Total,Primary but below middle,2342,1322,1020,916,567,349
31,LAKSHADWEEP,Total,Middle but below matric/secondary,4142,2429,1713,2022,1263,759
31,LAKSHADWEEP,Total,Matric/Secondary but below graduate,8165,5091,3074,4874,3136,1738
31,LAKSHADWEEP,Total,Graduate and above,2063,1331,732,1549,1034,515
31,LAKSHADWEEP,Rural,Total,3507,2088,1419,2007,1213,794
31,LAKSHADWEEP,Rural,Illiterate,49,24,25,38,15,23
31,LAKSHADWEEP,Rural,Literate,3458,2064,1394,1969,1198,771
31,LAKSHADWEEP,Rural,Literate but below primary,55,34,21,15,12,3
31,LAKSHADWEEP,Rural,Primary but below middle,291,172,119,116,56,60
31,LAKSHADWEEP,Rural,Middle but below matric/secondary,808,400,408,450,212,238
31,LAKSHADWEEP,Rural,Matric/Secondary but below graduate,1818,1118,700,1062,680,382
31,LAKSHADWEEP,Rural,Graduate and above,330,243,87,247,188,59
31,LAKSHADWEEP,Urban,Total,15046,9250,5796,7974,5222,2752
31,LAKSHADWEEP,Urban,Illiterate,188,134,54,49,40,9
31,LAKSHADWEEP,Urban,Literate,14858,9116,5742,7925,5182,2743
31,LAKSHADWEEP,Urban,Literate but below primary,772,443,329,209,162,47
31,LAKSHADWEEP,Urban,Primary but below middle,2051,1150,901,800,511,289
31,LAKSHADWEEP,Urban,Middle but below matric/secondary,3334,2029,1305,1572,1051,521
31,LAKSHADWEEP,Urban,Matric/Secondary but below graduate,6347,3973,2374,3812,2456,1356
31,LAKSHADWEEP,Urban,Graduate and above,1733,1088,645,1302,846,456
32,KERALA,Total,Total,8163387,4293120,3870267,3188813,1734057,1454756
32,KERALA,Total,Illiterate,136212,56762,79450,23063,10460,12603
32,KERALA,Total,Literate,8027175,4236358,3790817,3165750,1723597,1442153
32,KERALA,Total,Literate but below primary,375483,207394,168089,88245,51246,36999
32,KERALA,Total,Primary but below middle,600743,352404,248339,166485,101482,65003
32,KERALA,Total,Middle but below matric/secondary,900293,528018,372275,295755,176997,118758
32,KERALA,Total,Matric/Secondary but below graduate,3847071,2055281,1791790,1502612,838012,664600
32,KERALA,Total,Graduate and above,1951041,913235,1037806,979672,485451,494221
32,KERALA,Rural,Total,3813471,2013584,1799887,1360343,742683,617660
32,KERALA,Rural,Illiterate,84785,34422,50363,12118,5398,6720
32,KERALA,Rural,Literate,3728686,1979162,1749524,1348225,737285,610940
32,KERALA,Rural,Literate but below primary,189429,104876,84553,40712,23595,17117
32,KERALA,Rural,Primary but below middle,299994,174995,124999,77837,46849,30988
32,KERALA,Rural,Middle but below matric/secondary,452378,264960,187418,140783,83743,57040
32,KERALA,Rural,Matric/Secondary but below graduate,1870796,996451,874345,691715,384063,307652
32,KERALA,Rural,Graduate and above,756191,355728,400463,342783,170257,172526
32,KERALA,Urban,Total,4349916,2279536,2070380,1828470,991374,837096
32,KERALA,Urban,Illiterate,51427,22340,29087,10945,5062,5883
32,KERALA,Urban,Literate,4298489,2257196,2041293,1817525,986312,831213
32,KERALA,Urban,Literate but below primary,186054,102518,83536,47533,27651,19882
32,KERALA,Urban,Primary but below middle,300749,177409,123340,88648,54633,34015
32,KERALA,Urban,Middle but below matric/secondary,447915,263058,184857,154972,93254,61718
32,KERALA,Urban,Matric/Secondary but below graduate,1976275,1058830,917445,810897,453949,356948
32,KERALA,Urban,Graduate and above,1194850,557507,637343,636889,315194,321695
33,TAMIL NADU,Total,Total,20416270,11000921,9415349,2447163,1410192,1036971
33,TAMIL NADU,Total,Illiterate,1889210,712625,1176585,99963,43639,56324
33,TAMIL NADU,Total,Literate,18527060,10288296,8238764,2347200,1366553,980647
33,TAMIL NADU,Total,Literate but below primary,1041386,539682,501704,88799,47423,41376
33,TAMIL NADU,Total,Primary but below middle,2501064,1324661,1176403,199519,111170,88349
33,TAMIL NADU,Total,Middle but below matric/secondary,2582860,1375425,1207435,219819,122504,97315
33,TAMIL NADU,Total,Matric/Secondary but below graduate,7598927,4321145,3277782,938290,559320,378970
33,TAMIL NADU,Total,Graduate and above,4096407,2342636,1753771,818268,478156,340112
33,TAMIL NADU,Rural,Total,8090417,4442859,3647558,568669,344518,224151
33,TAMIL NADU,Rural,Illiterate,1119427,433427,686000,57631,25707,31924
33,TAMIL NADU,Rural,Literate,6970990,4009432,2961558,511038,318811,192227
33,TAMIL NADU,Rural,Literate but below primary,449174,239162,210012,25638,14630,11008
33,TAMIL NADU,Rural,Primary but below middle,1151788,638570,513218,68388,41755,26633
33,TAMIL NADU,Rural,Middle but below matric/secondary,1217670,674263,543407,72392,43789,28603
33,TAMIL NADU,Rural,Matric/Secondary but below graduate,2994539,1757265,1237274,231451,146984,84467
33,TAMIL NADU,Rural,Graduate and above,892682,548656,344026,93905,59547,34358
33,TAMIL NADU,Urban,Total,12325853,6558062,5767791,1878494,1065674,812820
33,TAMIL NADU,Urban,Illiterate,769783,279198,490585,42332,17932,24400
33,TAMIL NADU,Urban,Literate,11556070,6278864,5277206,1836162,1047742,788420
33,TAMIL NADU,Urban,Literate but below primary,592212,300520,291692,63161,32793,30368
33,TAMIL NADU,Urban,Primary but below middle,1349276,686091,663185,131131,69415,61716
33,TAMIL NADU,Urban,Middle but below matric/secondary,1365190,701162,664028,147427,78715,68712
33,TAMIL NADU,Urban,Matric/Secondary but below graduate,4604388,2563880,2040508,706839,412336,294503
33,TAMIL NADU,Urban,Graduate and above,3203725,1793980,1409745,724363,418609,305754
34,PUDUCHERRY,Total,Total,392292,213582,178710,71665,40809,30856
34,PUDUCHERRY,Total,Illiterate,7100,2748,4352,700,350,350
34,PUDUCHERRY,Total,Literate,385192,210834,174358,70965,40459,30506
34,PUDUCHERRY,Total,Literate but below primary,12958,6625,6333,1680,898,782
34,PUDUCHERRY,Total,Primary but below middle,30045,15044,15001,3794,1966,1828
34,PUDUCHERRY,Total,Middle but below matric/secondary,41475,21245,20230,5266,2926,2340
34,PUDUCHERRY,Total,Matric/Secondary but below graduate,171447,95470,75977,28262,16366,11896
34,PUDUCHERRY,Total,Graduate and above,120520,67846,52674,30133,17319,12814
34,PUDUCHERRY,Rural,Total,80981,45383,35598,5029,3145,1884
34,PUDUCHERRY,Rural,Illiterate,1748,604,1144,68,35,33
34,PUDUCHERRY,Rural,Literate,79233,44779,34454,4961,3110,1851
34,PUDUCHERRY,Rural,Literate but below primary,2548,1362,1186,161,94,67
34,PUDUCHERRY,Rural,Primary but below middle,6856,3462,3394,482,236,246
34,PUDUCHERRY,Rural,Middle but below matric/secondary,10326,5459,4867,451,269,182
34,PUDUCHERRY,Rural,Matric/Secondary but below graduate,40512,23447,17065,2116,1437,679
34,PUDUCHERRY,Rural,Graduate and above,17341,10078,7263,1635,998,637
34,PUDUCHERRY,Urban,Total,311311,168199,143112,66636,37664,28972
34,PUDUCHERRY,Urban,Illiterate,5352,2144,3208,632,315,317
34,PUDUCHERRY,Urban,Literate,305959,166055,139904,66004,37349,28655
34,PUDUCHERRY,Urban,Literate but below primary,10410,5263,5147,1519,804,715
34,PUDUCHERRY,Urban,Primary but below middle,23189,11582,11607,3312,1730,1582
34,PUDUCHERRY,Urban,Middle but below matric/secondary,31149,15786,15363,4815,2657,2158
34,PUDUCHERRY,Urban,Matric/Secondary but below graduate,130935,72023,58912,26146,14929,11217
34,PUDUCHERRY,Urban,Graduate and above,103179,57768,45411,28498,16321,12177
35,ANDAMAN & NICOBAR ISLANDS,Total,Total,257425,142378,115047,72708,41846,30862
35,ANDAMAN & NICOBAR ISLANDS,Total,Illiterate,24532,10752,13780,1434,669,765
35,ANDAMAN & NICOBAR ISLANDS,Total,Literate,232893,131626,101267,71274,41177,30097
35,ANDAMAN & NICOBAR ISLANDS,Total,Literate but below primary,28256,15471,12785,3567,1936,1631
35,ANDAMAN & NICOBAR ISLANDS,Total,Primary but below middle,52437,29491,22946,8570,4836,3734
35,ANDAMAN & NICOBAR ISLANDS,Total,Middle but below matric/secondary,54940,31737,23203,13994,8315,5679
35,ANDAMAN & NICOBAR ISLANDS,Total,Matric/Secondary but below graduate,70904,40105,30799,30717,17637,13080
35,ANDAMAN & NICOBAR ISLANDS,Total,Graduate and above,21773,12380,9393,13335,7817,5518
35,ANDAMAN & NICOBAR ISLANDS,Rural,Total,152600,84758,67842,38136,22243,15893
35,ANDAMAN & NICOBAR ISLANDS,Rural,Illiterate,15568,6933,8635,660,315,345
35,ANDAMAN & NICOBAR ISLANDS,Rural,Literate,137032,77825,59207,37476,21928,15548
35,ANDAMAN & NICOBAR ISLANDS,Rural,Literate but below primary,18623,10346,8277,1879,1019,860
35,ANDAMAN & NICOBAR ISLANDS,Rural,Primary but below middle,34872,19599,15273,5175,2931,2244
35,ANDAMAN & NICOBAR ISLANDS,Rural,Middle but below matric/secondary,35450,20325,15125,8738,5153,3585
35,ANDAMAN & NICOBAR ISLANDS,Rural,Matric/Secondary but below graduate,37299,21243,16056,15900,9255,6645
35,ANDAMAN & NICOBAR ISLANDS,Rural,Graduate and above,8136,4888,3248,5246,3258,1988
35,ANDAMAN & NICOBAR ISLANDS,Urban,Total,104825,57620,47205,34572,19603,14969
35,ANDAMAN & NICOBAR ISLANDS,Urban,Illiterate,8964,3819,5145,774,354,420
35,ANDAMAN & NICOBAR ISLANDS,Urban,Literate,95861,53801,42060,33798,19249,14549
35,ANDAMAN & NICOBAR ISLANDS,Urban,Literate but below primary,9633,5125,4508,1688,917,771
35,ANDAMAN & NICOBAR ISLANDS,Urban,Primary but below middle,17565,9892,7673,3395,1905,1490
35,ANDAMAN & NICOBAR ISLANDS,Urban,Middle but below matric/secondary,19490,11412,8078,5256,3162,2094
35,ANDAMAN & NICOBAR ISLANDS,Urban,Matric/Secondary but below graduate,33605,18862,14743,14817,8382,6435
35,ANDAMAN & NICOBAR ISLANDS,Urban,Graduate and above,13637,7492,6145,8089,4559,3530
